,contrast,B_shadow,B_dark,B_light,B_highlight,G_shadow,G_dark,G_light,G_highlight,R_shadow,R_dark,R_light,R_highlight,B_average,G_average,R_average,sharpness,red_average,orange_average,yellow_average,green_average,cyan_average,blue_average,purple_average,pc1,pc2,pc3,pc4,pc5,pc6,pc7,pc8,pc9,pc10,pc11,pc12,pc13,pc14,pc15,pc16,pc17,pc18,pc19,pc20,pc21,pc22,pc23,pc24,pc25,pc26,pc27,pc28,pc29,pc30,images_names
0,0.012314057071175114,0.018245178014500946,0.009820534827639723,0.008178361087205484,0.00363255060647912,0.018399916045800283,0.00905636406472318,0.0077976931836150065,0.0046827494663803934,0.01843069297177196,0.008294455281906764,0.008000860829020837,0.00525286762567562,0.007161932523336837,0.0072931139978454265,0.007298777623228331,0.004910611525944542,0.011401791625560893,0.012030958491606332,0.005097013696558661,0.03144902863804873,0.003749010832835986,0.029092485167324426,0.0054034297287202816,-0.1084294396,-0.0402885816,-0.0164565262,-0.12651032300000004,0.02335067126,0.025373183100000002,0.08901895500000001,0.06457465259999999,0.027217570199999996,-0.013085912,-0.044199305,-0.11103360100000001,0.0035583207600000015,-0.0459102718,0.028636108599999998,0.0864996314,0.03205975828,0.0196949296,-0.050497254400000004,0.04718009526,-0.0518330226,0.0031932760000000005,-0.0615835786,0.0300810305,-0.021094508799999998,-0.007325414300000001,-0.0781618238,-0.07531044760000001,-0.024893923039999995,-0.009223806599999999,"20170430-DSC04672.jpg,20200101-DSC06559.jpg,20200101-DSC06560.jpg,DSC06746.jpg,LIMBO.jpg"
1,0.01218467632880355,0.005814631805890651,0.015768909158997438,0.014751418546575771,0.017328539897840126,0.005910313129867273,0.014864685703787786,0.014716269597173997,0.017910026329517808,0.005863391139684474,0.014683422750027047,0.016191329577862994,0.016401818305425118,0.01366459213660061,0.013678331577160153,0.013544013990777239,0.016933555744925253,0.00813986666916313,0.016558915324005375,0.022797991398300996,0.0,0.0,0.0,0.018230525118938756,-0.09846077266666668,0.023205577616666667,0.03932496493166667,-0.08254329816666667,0.06887064216666668,0.055647168999999996,0.0064035579999999976,0.017082416356666668,-0.06927785816666666,-0.11835185233333334,-0.020832790099999998,0.004658229250000001,-0.03597992,-0.007236306666666664,0.07334762138333334,-0.137321754,-0.0014023368833333335,-0.03246788816666667,0.050180394499999996,-0.008217122666666668,0.008368971916666667,0.022983696683333332,-0.06308192366666666,-0.016644432000000004,-0.1513236,0.029169098916666664,0.06006693616666667,-0.037365596,0.02811590921666667,0.031217252833333334,"20180831-GOPR0550.jpg,20180831-GOPR0559.jpg,20180831-GOPR0593.jpg,20180831-GOPR0610.jpg,20180831-GOPR0669.jpg,20180902-GOPR0969.jpg"
2,0.009255594531176605,0.020356193949631864,0.009054466653401804,0.0036503546455168255,0.0035741266430595864,0.019470609921309917,0.008598353106210854,0.0039916730755872555,0.005286849380252601,0.017933825678192926,0.009037649961914895,0.004120629319064076,0.00682542529201911,0.0058250138443595645,0.006676430770031855,0.007680289419382407,0.002694138058167924,0.026124811103607825,0.010469087809495185,0.007897168048841814,0.0021277808467509277,1.052097368164269e-05,0.0018656205104724943,0.0027286949169309524,-0.16438624263157897,-0.025276767263157897,-0.047936385789473686,-0.036604743705263156,-0.005207295513684211,0.034856033085947376,0.05595008570526316,0.011084723240526317,0.004975493205263158,0.04164212044210525,-0.0024940810789473677,-0.04070809969473684,-0.005724854052631578,-0.013061315157894736,0.016720015992631575,0.009744422710526316,0.0611605705631579,0.029486828752631585,-0.0027776854842105256,-0.039052872947368415,0.004166976744210525,-0.004617489894736843,-0.01641839290526316,0.03191302645789474,-0.04673619878947368,-0.02351097591578947,-0.013765013263157898,0.014450830525263157,-0.003373280170526316,-0.02647191445789474,"20180618-DSC02840.jpg,20180831-GOPR0775.jpg,20180901-GOPR0854.jpg,20180902-20180902-DSC03657.jpg,20180902-DSC03484.jpg,20180902-DSC03506.jpg,20180902-DSC03512.jpg,20180902-DSC03635.jpg,20180902-DSC03681.jpg,20180902-IMG_4613.jpg,20180902-IMG_4614.jpg,20180903-DSC03714.jpg,20180903-DSC03729.jpg,20180903-DSC03733.jpg,20190112-DSC04345.jpg,20190112-DSC04359.jpg,20190112-DSC04374.jpg,20190804-DSC06092.jpg,Fire1.jpg"
3,0.013946296120860513,0.018262167974543952,0.012032930493376875,0.003883670094132016,0.006375069025673113,0.018451545489836498,0.011330216601435718,0.0037339450865254854,0.006977160728143001,0.017737741413013437,0.011339018803160537,0.00416157951391538,0.0070983603883882215,0.007203777583328742,0.007324390635445167,0.007625486207695603,0.004614091662116162,0.025381456186957134,0.0127236588547908,0.010056140978531653,0.00020129916824188426,2.3075460005031837e-05,2.928887694077884e-05,0.0034045305435412235,0.077063197,-0.068823514,-0.11161737,0.210484055,0.0036004785000000004,-0.123583785,0.10812256,0.134170477,-0.085372408,0.0136836823,0.0030526536999999996,-0.0705985125,0.029150271999999998,0.052515248,-0.0591373705,0.130113115,-0.087340575,-0.07489250774999999,0.007088546500000001,-0.1109080625,0.20084764500000002,0.157121255,0.049083985,0.282563045,0.24089936,-0.19906887499999998,0.069892212,-0.02347308825,0.006601453665,0.0227939575,"20190713-DSC05725.jpg,20190713-DSC05727.jpg"
4,0.011183067167761985,0.003507226346225514,0.011074742912871695,0.01942173258084376,0.015857875023996548,0.004291356733091844,0.009221284461100862,0.01849526697204248,0.01752979275624941,0.005398067345247878,0.007001932224448673,0.01456619844585474,0.02249933492783578,0.014914319758122019,0.014968570541957155,0.01529574067477945,0.0064305294963532865,0.0006102466836745515,0.02149680133650911,0.017267480378139893,0.00041790314846269295,0.018620492866600804,0.02270211884751237,0.0062815997550006416,-0.10941962666666666,-0.029494724666666666,0.04785554066666667,-0.11292615666666665,0.035947662600000006,0.004212277833333335,-0.014442586666666665,-0.006781089333333333,0.12463916533333334,-0.008823790333333335,-0.05321282533333333,-0.0001554880000000005,0.17930168999999999,0.11270402333333333,0.11121959666666666,-0.11645801666666666,0.014577953,0.20731727333333336,0.039760551133333336,-0.09731943933333333,0.071483192,-0.09670326933333334,0.07034024533333333,-0.0339827841,-0.006470302,0.08054254100000001,0.039422712666666665,-0.17908820333333333,-0.19376653666666668,0.062287319666666674,"20190824-DSC06269.jpg,20191231-DSC06485.jpg,20191231-DSC06489.jpg"
5,0.010328625508276254,0.010337223692033867,0.017152170293457756,0.007741392451473749,0.002873839176974996,0.010171530926658765,0.01688765730271282,0.007513186619082306,0.00308530222943918,0.007016641459796544,0.017620251450337125,0.011556891948048237,0.003281007206949471,0.008734621371946243,0.00882686801577471,0.010118033675078233,0.005793153279654335,0.011940055326344817,0.016594578731784063,0.0019731051399841147,0.005201883613447415,0.004476639240976176,0.00562711132482402,0.0083313258152743,0.28811315,0.061870377,-0.12478791750000001,0.308702435,-0.135620392,-0.18358168,-0.11598594500000001,0.033532923,-0.10222538,0.1069907125,-0.042566426000000004,-0.118838895,-0.12112652700000001,-0.0841265425,-0.17057325,-0.019296974999999997,0.094234305,-0.09635844499999999,0.05073646,-0.060082283,-0.062420454,-0.03034773675,0.17624895,0.12327911999999999,-0.0599976575,-0.022924037,-0.12019930999999999,-0.206518985,-0.0008656924999999992,-0.130492245,"20180628-DSC03306.jpg,20180628-DSC03338.jpg"
6,0.011714182168744643,0.011396334231797856,0.016994654418077113,0.012602207291642097,0.006241996853750222,0.011894731391526341,0.018005331683353706,0.011469597022306861,0.005306828689021425,0.012001376890817296,0.01539557395450219,0.00996106868003219,0.009694288270868899,0.010415998967409844,0.009859179521305312,0.010531097915344219,0.018566196496686137,0.011997415127934653,0.018259917668072268,0.005628800018152356,0.006418645373428358,0.01504410743614426,0.01499265444933151,0.007357763595788865,0.01181058175,0.004783411750000001,-0.01876522375,0.061177301249999996,-0.0387693645,-0.0841465715,-0.1791844085,-0.12220534,-0.01107384175,0.04347484812500001,0.046678326825000005,-0.05642914000000001,-0.027932258800000002,-0.038056323999999996,0.025206595499999998,0.0024961034000000005,-0.021522759075,0.0362159065,0.01650613615,0.04114339425,0.0055363352500000015,-0.0683342635,0.025002807675,0.0018165432750000023,-0.041575619,-0.002954152,0.008801697374999999,0.019519912,-0.006641364034999999,-0.01485214475,"20180405-DSC01342.jpg,20180407-DSC01703.jpg,20181225-DSC04177.jpg,IMG_2312.jpg"
7,0.0092504390963875,0.012747413011932452,0.012838868517173047,0.008227219021907125,0.005681726446277753,0.0138866345767862,0.010994613271812335,0.008558152953529323,0.004946429886860997,0.0145411363096319,0.01057862733746189,0.00759340246135328,0.005549669475573312,0.008898560929469525,0.00842514756552652,0.008404747467020638,0.007548313274209763,0.012550820378729071,0.005504558527672761,0.0024281418087532744,0.010660135345108864,0.0035018704483683687,0.02185415230456766,0.013775568786141666,-0.1524147192857143,-0.04368913269999999,-0.021478377928571435,-0.01003052096,0.004612796707142858,0.038685539781428566,-0.014536794792857142,-0.022413042028571424,0.026683448492857146,0.03805450857142857,-0.005751693087857142,0.01811996965214286,0.08841380971428572,0.01921987310714286,-0.02860242134285715,-0.004778622347857142,0.011484614450000003,-0.013514925255,0.0018213906285714273,-0.029118832995,-0.02030749145714286,-0.01373933010142857,-0.026482551204285713,0.00854508385,0.04592494380000001,-0.007510946785714285,0.006130968798571427,0.02025594667857142,-0.021059605518571424,0.015636322913800002,"20170716-DSC08368.jpg,20180622-DSC03296.jpg,20190425-DSC05686.jpg,20190804-DSC06089.jpg,20190804-DSC06090.jpg,20190824-DSC06318.jpg,DSC07890.jpg,DSC08673-2-1.jpg,Digital_Monster.jpg,IMG_1682.jpg,IMG_2331.jpg,IMG_4096.jpg,IMG_4358.jpg,IMG_4375.jpg"
8,0.011981128435208255,0.010674372428845696,0.013274613675927182,0.01128327302926359,0.008632347944243609,0.011038311467377663,0.012974838425776795,0.011562207554841181,0.007723987533019236,0.011422017637914247,0.01471477961552843,0.01107429536724613,0.006294377125546961,0.01079549734034932,0.0104809459497399,0.009889027515409854,0.016406625643612362,0.01132947803862652,0.012650198699999749,0.007722060166734141,0.005467422935786225,0.007067904531485141,0.011757087846736004,0.012512064085803734,-0.0779521897142857,-0.07013299671428572,-0.019301651571428574,0.04479196208571429,-0.05061087357142857,0.001616479399999999,-0.13873408571428572,-0.06069941457142857,0.07405703571428572,0.013823417931428574,0.08762939242857144,-0.05188761614285714,0.13974585357142857,0.052529598285714296,-0.05227453114285714,-0.0041456171242857135,-0.05722247617571429,0.0234696881,-0.009049446714285713,0.001104682428571428,-0.03917020814285715,0.09025901385714286,-0.051209090285714284,-0.003621264242857141,0.03824776885714285,0.07468582499999998,0.002755491999999999,0.06217145931428571,-0.018132162000000004,-0.014151576714285713,"20190422-DSC04799.jpg,20190713-DSC05728.jpg,20190804-DSC06099.jpg,DSC07876.jpg,IMG_1568.jpg,IMG_2300.jpg,IMG_2302.jpg"
9,0.015055469007722682,0.010076349237752667,0.005085548410572873,0.02142270769085607,0.006009635386269535,0.010056330438933763,0.004852925142172602,0.020133128693865562,0.008083309809028865,0.010082322100121057,0.0045902911341368065,0.013287346206908683,0.017023786819590984,0.01167148255092516,0.012032011790250104,0.012375308550967369,0.009962247158287751,0.007825147746543975,0.028472060097784867,0.012384040753282363,0.011875073712822964,7.647409955478218e-06,0.013576561033715689,0.0011852820759969233,0.07642793249999999,-0.038750929999999996,0.009118355999999994,-0.0204553045,0.0009619314999999998,-0.08354523750000001,0.054676448,-0.042048996,0.019936165999999998,0.016965372269999997,-0.00692797,0.06221749815000001,-0.137183785,0.026789768874999998,-0.0086403782,0.04729609875,-0.00567262065,0.08685056,0.01415776435,-0.019651957499999997,-0.0387429715,0.139305365,-0.070730765,-0.1292979225,0.038083371,-0.0273093925,-0.115191825,-0.0227793915,-0.0170967079,0.01989207425,"20191228-DSC06364.jpg,DSC06705.jpg"
10,0.010901976387697881,0.010737509592925085,0.006247875198809008,0.015504053923802386,0.010502042079264357,0.010391416549600426,0.009086190933014611,0.01874303507726235,0.004212614062470417,0.016322317726634606,0.014371171762373444,0.00914341914054631,0.0015332789617521106,0.01085916925473965,0.010181605596270672,0.006766290854179821,0.005108223997492013,0.01354092880480623,0.006188377968999634,0.00027419693114840923,0.0026144941593157327,0.06617061355623055,0.012415765597652107,0.0010501199965938146,-0.099435725,-0.037305251,0.0317969575,-0.070751893,0.071198657,0.048280734500000005,-0.012210919999999993,0.073264285,0.07802434350000001,-0.0007979033395,0.0690432985,0.016109698000000002,-0.026830349500000003,0.003354566999999996,-0.022298090599999997,0.014905883999999998,0.112173547,-0.012331535,-0.046766305,-0.121550595,0.0516000445,0.04464150797,-0.0332392965,-0.13773444499999998,-0.0703427565,-0.0032589755000000005,0.087785922,0.0371212075,0.0220288,0.028579572949999996,"20181225-DSC04201.jpg,20181225-DSC04214.jpg"
11,0.012961208226966722,0.011656966762319289,0.01629158593267651,0.005745834185369944,0.007172634195219662,0.010435574004287452,0.015593659294891257,0.007131564256074953,0.007796649790385373,0.011763775924709865,0.013202999121111697,0.007484569175985377,0.007373968186749534,0.009334211444267557,0.010154805122898682,0.009502569188634548,0.040215703239415,0.0023814780068240225,0.01548666979554857,0.006828339712948777,0.09670733910714181,0.00816583507078757,0.0064572573125468834,0.004474869680158169,-0.1207557315,0.044407627000000005,0.0021070777499999993,0.07429644325,0.05076261174999999,-0.00039516474999999954,-0.09923340825,-0.02363611455,-0.020798981374999997,0.049493512,-0.02106973525,0.0289972775,0.0520977235,0.027508328250000002,0.050034248,0.0017420703999999993,-0.008799782075,-0.013246744874999999,-0.034465337500000005,-0.0089114763,0.10148645399999999,-0.065360075,0.05080678075,0.0475057735,0.029026884750000002,0.008366641749999999,-0.052148969,0.033091931,-0.0337184475,0.022019219150000005,"20180618-DSC02825.jpg,DSC07848.jpg,DSC08485.jpg,DSC08486.jpg"
12,0.011633767078712037,0.01830669058647521,0.014329792072977746,0.006814217797585471,0.005105965507791101,0.01900202068072411,0.013678310924859109,0.006592499145422117,0.004687392501226082,0.018602863569527006,0.013474254930904667,0.0074017252708349695,0.004564254677496318,0.007412722290323169,0.00716647934746617,0.007269203741198359,0.015688767205526526,0.022136484767192904,0.012076431553376558,0.005527462315406042,0.0008647218768092318,0.0023071862791289714,0.013011815762680092,0.008491102696544083,-0.018762493499999998,0.0256293525,-0.014269755649999999,0.163603285,0.042181535500000006,0.07531904075,0.060758305250000005,0.0038633934500000005,-0.05660009399999999,0.0596366015,0.0880538475,0.023265592499999998,-0.015619212649999995,-0.03720738025,0.010267603500000002,-0.05010889755,0.0183836015,-0.01832602375,0.03541884675,-0.05739880074999999,0.042428482925,0.03190427415,0.039350625449999996,0.008067521125,-0.058495505749999996,0.00999691225,0.0135467335,0.049333180750000004,-0.056376224,0.027258816499999998,"20180831-GOPR0589.jpg,20180831-GOPR0747.jpg,20190804-DSC06103.jpg,DSC09915-1.jpg"
13,0.012206972030630496,0.009678851220188276,0.016697143026653267,0.011311822904275036,0.008052405998312973,0.009480328000308763,0.01658254569530453,0.010553316075436747,0.009027140175543003,0.009147310473115327,0.016522741678017854,0.011830980703885816,0.008305101703343074,0.010434798662500383,0.010439445023876934,0.010439706234351314,0.006181866352116441,0.006995146135937836,0.012890228218058075,0.007977136734719094,0.002126258974125463,0.008555559872212046,0.020825999788159646,0.014290631302511935,0.17080193999999999,0.0117740191,-0.21278582000000001,-0.144426835,-0.382736875,-0.0395679465,0.085017868,-0.215765635,0.0644625555,-0.13495371,0.0180434685,0.1113866,-0.066432595,-0.172173075,-0.056756298999999996,-0.11791481,-0.25227139,0.032091739,-0.17972943000000002,-0.20782040499999999,-0.0346675,-0.02723502,-0.14121950000000003,0.0478859715,0.136960015,0.0410839035,0.05943297,0.0670016065,-0.09865850200000001,-0.021107078,"DSC06675.jpg,DSC06743.jpg"
14,0.013972998389612116,0.01605237875194447,0.0179035897406717,0.006253607649286578,0.009731449275883902,0.01654579007440654,0.017815544059924457,0.005695835229841165,0.009402444557339485,0.01621292828987758,0.017643880412439736,0.006512184231127757,0.008623508395660671,0.008961845331058631,0.008705228345764501,0.008708228334273194,0.05291289515520017,0.020928461623103616,0.017904403511277447,0.009698082649634742,0.0012065098725675789,0.006223126481818909,0.00419857070280529,0.007373333825961005,0.051767997,0.07313871400000001,0.10313156,-0.09265739,0.30823404,0.034633894,-0.21397094,0.090244845,-0.04907664,-0.10270317,-0.2027505,0.07467155,-0.012899925,0.120415375,0.09274201,0.08461329,-0.3758042,-0.16678120000000002,0.10717353,0.09805772,0.2842783,0.027874656,-0.2733241,0.05975930000000001,-0.03822339,0.023529226,-0.106856555,0.13836055,0.028505323,0.008130552,IMG_2349.jpg
15,0.012285564372333344,0.018429867220778058,0.015350993674240266,0.004274518619492921,0.003693130315342117,0.015671552097880743,0.016515033441687525,0.005791539848825664,0.00502917398899918,0.011995908290238166,0.019635959703834242,0.007008681823497661,0.006425236165939749,0.00684596924528009,0.008028172220896863,0.00908740569369552,0.005157071925296258,0.018686192109236218,0.020756891541382896,0.005931593126442582,0.01246944952154646,0.0030861962225205513,0.004649478966055981,0.0022677635501137786,0.46907607,-0.19801651,-0.02673397,0.5746569,0.14525120000000002,-0.43934327,0.5180072,0.3975876,-0.675837,-0.14366123,0.15626457,-0.041923302999999995,0.29241258,0.63540584,0.0016766442000000002,0.02505815,-0.042706747,0.30426943,-0.48575920000000006,-0.05226136,-0.058486544,-0.35097578,-0.29130232,-0.16546328,-0.058824035999999996,-0.052869953,-0.0014580134,0.030915542999999997,0.03872843,-0.09022235,DSC09906-1.jpg
16,0.010870110241654893,0.00417259156674625,0.021608376936713594,0.013427821004044629,0.017897785450571243,0.004694267648087077,0.024609897594155928,0.016876810591597922,0.008827442040715271,0.008949046838311296,0.020649998657843786,0.016678390812483176,0.006759282879145735,0.01390179268338386,0.012264114995476371,0.011129978905054252,0.020105653038534406,0.004274621586982948,0.011947277732343251,0.003297341262659539,6.776176296012355e-06,0.01862192287008841,0.02481433842067308,0.02338152024869316,-0.042017526,-0.003967117000000003,0.12810768,0.15915392,-0.05573476200000001,-0.059822951,-0.128179485,-0.0223642355,0.078824315,0.016273962500000003,0.10119588499999999,-0.076406551,0.0608943965,-0.0014698114999999994,-0.0233456255,0.064412777,0.0398900925,0.076497587,-0.029960109000000002,0.060259003,-0.0713478275,0.124418262,0.008231688499999999,-0.093601985,0.021164012500000003,-0.043061407499999996,0.053212862,-0.026236852000000005,0.07437402800000001,-0.056360803,"IMG_2289.jpg,IMG_4099.jpg"
17,0.013998585555108906,0.008221865376996448,0.01265214706198427,0.014964993987967187,0.010180501663259957,0.00799782723308616,0.010451965697109721,0.016231229091984933,0.010966643570076824,0.007507467965094633,0.00960843595633773,0.0181891968409852,0.011049261712581917,0.012255490333788692,0.012723609164907838,0.012947320483437642,0.004293523484593696,0.0060853318710635835,0.030639678672663075,0.01675647394526925,0.0028933104477714814,9.773762967489236e-05,0.012860376639101145,0.0002483820278752795,0.213833735,-0.0053084302,-0.15986952999999998,-0.093896095,-0.19988414,-0.012446848500000001,0.015420266499999998,-0.19875314,0.0055151789999999985,-0.009970387500000002,-0.008325541999999998,0.06362786325,-0.08608047199999999,-0.111672705,0.060190825,-0.055140225,-0.0292399165,-0.059501651,-0.11822611499999999,-0.0060547414999999995,0.010952793999999998,0.00786237635,-0.074797007,0.044037849000000004,0.0037212200000000008,-0.061807150000000005,-0.017302308,-0.017789165000000003,-0.061806345,-0.0251675185,"DSC06649.jpg,DSC06771.jpg"
18,0.009547230079054482,0.026313916787738468,0.0009029208708817298,0.00041407547297339864,0.0001742261548388632,0.02398270092582566,0.003568463515436175,0.0013851169556366415,0.0009077280086875935,0.02139213157186969,0.0032740689874008605,0.0023337524453619523,0.0040291540261341565,0.000586758208483,0.0020932108172562257,0.0039809054620744515,0.001904515953023071,0.03294067732963083,0.005245558852316134,0.0013785636787780025,0.00033982134689082647,1.8279175015533305e-05,0.00011532825635304359,6.846740772761875e-05,-0.15520045333333335,0.012342405666666669,-0.030487130999999997,-0.06905362233333333,0.0011403384333333333,0.086146155,0.17666033833333336,0.07881659833333333,0.01709022766666667,0.09427251333333335,0.04332442266666667,-0.071723319,-0.11455601500000001,-0.05403085466666666,-0.101665016,0.08983966799999998,0.21565795333333335,0.064360081,-0.04101524266666667,-0.12645581333333333,-0.011961049766666667,-0.002864452333333333,0.06579178366666667,0.18009740666666665,-0.13785519333333332,-0.06731103833333334,0.07135613966666667,0.21832859999999998,0.056524109999999995,-0.11255587333333333,"20180902-DSC03633.jpg,20180902-DSC03657.jpg,Fire.jpg"
19,0.013971090393308294,0.020080415112140905,0.00814100493977902,0.004124541950585574,0.007469408673848138,0.020140969190438705,0.008768320328062816,0.0034629612215356684,0.007910288093572124,0.020869051068678975,0.008148690104233526,0.0036885127807792604,0.006445350068174249,0.0075353469505589086,0.007550902557328626,0.007053149237296165,0.010885545520726521,0.01977677421441988,0.005816941885608347,0.005965551086798488,0.04593756840068044,0.012338229967263222,0.009818591990133206,0.004019552374197808,0.055736196,-0.043676037,0.0278677815,0.12060153000000001,-0.12250779,-0.0972271175,-0.19739235,-0.147777325,0.034596469000000005,0.0241833345,0.143154783,-0.1777328425,-0.058551959,-0.1044697785,-0.061555096000000004,0.015941029,-0.088278368,0.0538749835,-0.086665395,0.112949403,0.03359008628,-0.001839743500000001,-0.044375055999999996,0.0154583095,-0.0801545375,-0.0161932381,-0.0834332,-0.10203018,0.047508128000000004,0.0277772585,"20180618-DSC02604.jpg,20190423-DSC05082.jpg"
20,0.012802764456119544,0.005647917534964162,0.01688818293288556,0.008491549176741265,0.01871843967161318,0.008775401250863242,0.014365152215728103,0.010734860303827956,0.012747274292254931,0.007163314961468525,0.013862155608851344,0.009915445805018437,0.016503108711724612,0.013596067490831542,0.011903672090891973,0.013154429437927037,0.008731941579731908,0.00390828811597319,0.006968463698130519,0.005553097855729644,0.020263454229470186,0.021123265430195055,0.01909281407257825,0.018625251331688814,0.12495492,0.023763001000000002,-0.014998973,0.37546983,-0.0023017654,-0.09839071,-0.106588624,0.16366157,-0.16214338,-0.07081789,0.009595175,0.06084734,0.08375706,0.043957468,0.08151069999999999,-0.0030829369,-0.076411486,-0.006983212,-0.06438692,-0.04850537,0.09913942,0.12635693,0.06670719,0.1715898,-0.056457299999999995,0.19787398,-0.067253806,0.086641744,-0.024290997999999998,0.10946339,test.jpg
21,0.015524231438500522,0.009769365266877937,0.01499332730577186,0.006370661467329675,0.017948503893694692,0.009503173716059065,0.014709467667211347,0.006442677234559476,0.018584504592337486,0.00978245808153569,0.014049317247665769,0.007003314930749637,0.0170029767739935,0.012149362693447907,0.012280231433359049,0.012061660732771122,0.020285795373846498,0.011906132126051227,0.015708990533596867,0.02657489365990893,0.013578989974705587,0.00022771695289030265,0.00014664825159675348,0.006756385501533484,0.07124149,-0.11166412,0.0066872286,0.10773311599999999,0.04957671,-0.063034445,-0.06670638,0.17366193,0.07982117,-0.0066803083999999995,-0.105222225,-0.10492429,0.27754495,0.012470911000000001,0.19952758,0.0020124898,-0.06362441,-0.035394285,0.12015833,0.27431077,0.025719661,0.031302948,-0.1697661,0.6501832,0.16540658,0.048604622,0.06419226,0.043642133,0.123719044,0.12009111,IMG_2308.jpg
22,0.003559813444830893,5.8322346394584e-05,0.0017014831596084234,0.018099222052170728,0.024892226005108976,4.1109993116542516e-05,0.0018073553865736655,0.023244596351392706,0.018801169416385217,0.0005451974058515503,0.002606079235214844,0.02613400922003025,0.01502390848688701,0.0182412155238827,0.017746880169463134,0.01680860486637253,0.0036505115590990188,3.7434860319227074e-06,0.00017708463316831906,0.00023115113677963373,0.000509761227992688,0.05419926608312932,0.0021210481422153696,0.025855095288858973,-0.14161548699999998,0.06072308825,0.048306096524999995,-0.03818389725,0.017812126825,0.01739877175,-0.024932906625,0.013613047274375002,0.011783709575,-0.043511324875,-0.072049278,0.06153441662499999,0.02644294625,0.017118867836750002,-0.036759506087500005,0.0088815906125,0.00874384295,-0.0255172145,-0.031807075325,0.057526781625,-0.080774651375,-0.05147496525,0.015981485625,-0.070934234875,0.019754148975000003,-0.037242564875,-0.065990002875,-0.0152389767125,0.09095331749999999,-0.0014837256750000003,"DSC08609.jpg,DSC08621.jpg,DSC08632.jpg,DSC08634.jpg,DSC08658.jpg,DSC08666.jpg,IMG_3975.jpg,IMG_4098.jpg"
23,0.013475452548581169,0.01540386179326459,0.01323541289922283,0.005875748614076859,0.012252151976579218,0.015550092750561413,0.012485951052028647,0.007149396858301465,0.01116434502761881,0.01925487584261173,0.01281038433860704,0.00684696345623572,0.004755596642246236,0.00980471059926858,0.009289050078567413,0.0068160471188517535,0.03365569965491541,0.018634883974349578,0.01458795290479343,0.005432201300302366,0.0043611120149258135,0.023360652439712963,0.006891131364305335,0.004924923045392307,-0.026701014999999995,-0.042528542,0.029660943,0.03631981335,0.0314019125,-0.05089275,-0.004062313499999999,0.019297607,-0.0652979155,-0.0036427804999999997,0.0083191705,-0.014096885500000003,-0.05328452,-0.082463005,0.015602795000000001,-0.14011868,0.067947855,-0.16209173999999998,0.0445967345,-0.133929113,0.13160767,-0.0084329475,-0.09130780999999999,-0.139319745,0.03178154225,-0.0420618765,0.12605153200000002,-0.0226429905,-0.0029906695000000007,-0.0288245143,"20180831-GOPR0687.jpg,DSC04824.jpg"
24,0.010383001177665671,0.0018369271079046153,0.005255898602912949,0.016309300771761615,0.03316552739595637,0.0016588378423039985,0.0047759274514328365,0.015640590864514893,0.03564188552986281,0.0016702959045542805,0.004482821238077358,0.015889157512635196,0.03425311228758102,0.01777486715663535,0.01817171812948001,0.01837529194056983,0.029418357712936882,0.0013059988619802466,0.02441465859660139,0.054587397960020205,0.007693179877864095,0.00010184111794368553,2.80883274606077e-05,2.1471813202822573e-05,0.10617922,0.19446187,0.07393877,0.10713597,-0.06024058,-0.14155674,-0.16998674,-0.14846227,-0.104032464,-0.08480886,-0.014742321999999999,-0.0002466049,-0.07898492,-0.06668726,0.2371026,-0.036918804,0.04176451,-0.20102966,-0.0751259,0.17375042,-0.10703906,-0.13247333,0.04149255,-0.13184403,-0.17003563,-0.17547445,-0.0018778627,0.17514648,-0.029155845,0.05973412,IMG_1864.jpg
25,0.013660614811024622,0.009147978329828981,0.012116515682311514,0.014134627356288046,0.010148493736277178,0.009785308352290632,0.011244522283313126,0.013787683362553814,0.01023596103767055,0.0102705023673145,0.010776423539775919,0.015205624565327768,0.008750986168290393,0.011975476332814657,0.011760449386216452,0.011276246317680785,0.013027629521614842,0.004038707379474143,0.009267467725461649,0.008501612381460879,0.00787017827594097,0.009975579981436243,0.02787014458149434,0.01685070636522134,0.31055352,0.74136794,0.2958845,0.22877318,0.045576867,0.3179841,0.5822797,-0.15325561,-0.18179776,0.22956671,0.45250413,0.4871074000000001,0.56367975,-0.51363766,-0.07643703,0.25236884,-0.11323262,0.008036393000000001,0.34339324,0.029783186,0.010521148000000001,0.010074846,-0.17569214,-0.09637948,-0.0552885,0.16693933,-0.14129529999999998,-0.13349871,-0.05909449,-0.23670560000000002,20190422-DSC04751.jpg
26,0.00793088374388298,0.0007852269233058424,0.004937519679024506,0.02124840013690907,0.022185062910531204,0.0008220593453708281,0.004619979765846956,0.021193687353877468,0.022928808136907924,0.0007677648027089222,0.004631510329362798,0.023327465101929942,0.02099937802839186,0.01719530048069776,0.01720759071806521,0.01704851685662135,0.0043840240903312774,0.0011321656430762297,0.005320031956173714,0.028193312954930792,0.0,1.065841108777452e-06,0.0,0.028007040837281328,0.03762126,-0.0762658,-0.03810026,0.03456101,0.058865678,-0.086474,0.23896894,0.0023395703,-0.12990469,-0.009234036999999999,0.09235555,0.015998185,-0.30508518,0.08990842,0.08851453,0.0077362126,-0.04395356,0.31566897,0.117765285,-0.0034818742,-0.24421528,0.31183124,0.10826695,-0.16594994,0.0051472723,0.114481166,-0.050070558,0.1405744,-0.12744388,0.094667524,Shirley.jpg
27,0.011441249417519148,0.01455427162968191,0.01667185094971121,0.0059975358242015065,0.006889667057642579,0.0110122673179659,0.019607069021029728,0.007516638593207867,0.007672693631985985,0.005994585278060246,0.026777457993529832,0.008855595940328006,0.00721018885821805,0.009204814627931587,0.009968129758498413,0.01067384493562081,0.009537153768750929,0.014539901335819347,0.023395221776623943,0.008221773921887209,0.013761245750943158,0.006693482163122399,0.0004860639763304194,0.003401717681744224,0.6071482,-0.18829010000000002,-0.017238125,-0.27344567,0.49868897,0.07279506,-0.30416876,-0.14474608,-0.098134995,0.034479756,-0.13655257,0.29572845,0.10004574,0.02993082,-0.13920052,0.038164638,-0.17672701,0.22056814,-0.030865364,-0.29349825,0.26422572,0.25973952,-0.08214993,-0.009925458,-0.17663297,-0.36883104,-0.13369592,-0.17983444,-0.0033818553,0.19572999,DSC06739.jpg
28,0.011045846410504486,0.020497267030486592,0.012393933575056413,0.004317306609299413,0.002892029956556202,0.02072024450325756,0.012263605306583427,0.00391447632025231,0.003100971585194327,0.0231103118557913,0.00923646973098787,0.0035553178195439584,0.0023135164429851298,0.006234154127461561,0.006223786782336337,0.005269103381848357,0.01950421818498692,0.0072493887090913575,0.003014150760052773,0.0017805782690967094,0.08011064327585131,0.0064394922269007315,0.04452597912058709,0.006265916467682321,-0.040413592000000005,0.055435628,0.012950851000000001,0.057411767999999995,0.048882782,-0.09823307,0.06725119,0.12639812,-0.16727413,-0.05928587,-0.038728934,-0.1433648,-0.19581142,-0.15105627,-0.021467532999999997,-0.102611646,0.031334322000000005,-0.06963537,0.07381526,-0.015877178,-0.050341457,-0.117576815,0.09702099,0.07097351,-0.023807395,0.033459563,-0.05736167,-0.2863183,-0.07677531,-0.07153315,DSC08589-3-1.jpg
29,0.012397393908720158,0.009160938531245028,0.01685148954747914,0.014508440356682181,0.005217998155405919,0.0091603123336045,0.015567534902316663,0.014524130483562197,0.0059162865580968844,0.008822598155775298,0.01491425803520096,0.01631418798368317,0.005921302626431028,0.01037313834654974,0.010583991712294842,0.010724460205468071,0.005933242014723015,0.011255261462562291,0.02513455431980539,0.00867542740600114,0.000311236787113395,0.0001297128629382159,0.003859381496841467,0.008188846677370314,0.15750122,0.17401634,-0.11702916,-0.013640731000000001,-0.25096902,-0.037789032,0.017082492,-0.09915698,-0.10208510000000001,-0.13322799,-0.062480863,0.12568323,-0.051666178,-0.07935062,0.16474658,-0.14476025,-0.073452234,-0.13366453,-0.15846078,0.026237497000000002,0.17562667,-0.21813782,0.15141468,0.07394023,-0.20695862,0.06740626,-0.10832408,0.043356652999999995,-0.008782764,0.20396194,DSC06749.jpg
30,0.01516606665587513,0.009582692285770735,0.008042273792444012,0.009659634741473216,0.01884631447794144,0.010111565313969222,0.007136716681608367,0.010987438834992551,0.017535955090207448,0.011820947922054919,0.010797013657618015,0.01209869091626568,0.009617452607418427,0.01332848859614013,0.013058039975253776,0.011045932437170641,0.012170918348680634,0.0018555111637647774,0.00293444260029693,0.00808560016964993,0.029368181728169133,0.060283120439565664,0.03147849797759512,0.0035097822243505107,0.15190399999999998,0.11726919599999999,0.043978997,0.16609219,-0.109453514,-0.14048257,-0.047884658,0.18278137,0.12252013,0.025576368,-0.043200422,0.091894984,0.16530229999999999,-0.15703270000000003,-0.12399829999999999,0.008496752,0.09308593,0.020764241,0.055096215999999996,0.072660826,-0.19447453,-0.13257028,0.06460192,-0.009805300999999999,0.27220422,-0.07951982,0.21866843,-0.11139172,-0.36659214,0.10042877,20190423-DSC05185.jpg
31,0.007961874063497302,0.0013934578158951315,0.014982239794788162,0.0233702095299273,0.009068598841915151,0.001619317447297709,0.017608856187817018,0.0235113100542588,0.00518260394205314,0.0062392231104466105,0.025255971007555698,0.01644947483282665,4.767189749717804e-05,0.01427250791214541,0.013322031417861315,0.010002473386890155,0.003720717005482573,0.0010298880408599505,0.0034803006308028878,3.6024966638440894e-05,0.002332873935840943,0.06714926886231003,0.028363004120920077,0.011718653583452521,0.027780691,0.04852924,0.03877514,-0.11226076,-0.06772228,0.005173463400000001,0.041429494,-0.034489475,0.045714955999999994,-0.08519138,0.023037815,0.12406962,0.11039141,-0.024609158,-0.026950175,0.021343792,0.1002558,0.014980051000000001,-0.068796985,0.07743448,-0.27446097,0.07164755,0.054365072,-0.0036189972999999998,0.012067234,-0.13772482,0.23228136,-0.24588452,-0.21887067,0.19827585,20190423-DSC05160.jpg
32,0.014951530418153752,0.009854994757656128,0.0018330584432536274,0.011408349734875369,0.022008509381916633,0.01017238573816557,0.0022946278132381717,0.01624561361621921,0.015568629974103196,0.019091032735722647,0.002614594330069835,0.00851460106467321,0.009677729340741377,0.013861877049745699,0.0125611170453547,0.007746719206156371,0.01352504530562879,0.006022589674371306,0.00023360697995191993,0.0001201971923993537,0.008950160580774387,0.0940986882533598,0.02234254295226262,0.001281688165688956,-0.17430606,0.037274983,0.04031887,0.042641822,0.16757047,0.052771742999999996,0.04475128,-0.011692263,-0.11122785,0.098947085,-0.093378104,0.15494871,-0.20148017,0.036296587000000005,0.019812323,-0.13362212,-0.12940888,-0.13392511,-0.115257464,-0.1742335,0.3008814,0.17686394,0.023105367999999998,-0.15951438,0.21210523,0.17394951,0.45096695,-0.27554068,0.2605138,-0.28282225,DSC04508.jpg
33,0.007748309799921928,1.0944170084660586e-07,0.00854171909263743,0.018806821208533414,0.016791388894851694,1.405169600223628e-07,0.008089791119828424,0.018840566982776065,0.017213689349204427,1.3940139553807733e-07,0.007953999533965962,0.02076176458255275,0.015764064353757257,0.016577034099708836,0.016548888957046773,0.016384784829953702,0.01878291898874299,1.4514323871752016e-07,0.010353449528256271,0.008906621281632481,0.0,0.025662496190284184,2.2085580059752025e-06,0.021250976418042997,-0.11265056,0.07307877574999999,0.013688089999999998,0.05463101675,0.018847542374999998,0.0192186085,-0.006997747975,-0.065820258,-0.07105379675000001,0.07413026325,-0.021902581250000004,0.058039055,0.0682934895,0.00368255925,-0.01886233875,-0.02180694515,-0.011782467349999999,-0.014757501374999999,0.015531396725,0.05126206375,0.0898141685,-0.132779744,0.08451876900000001,-0.03777113325,0.056341986,-0.048091824000000005,-0.09548461825,0.026362971,0.1557146325,0.02498030425,"DSC08593.jpg,DSC08596.jpg,DSC08599.jpg,DSC08600.jpg"
34,0.01315035450796085,0.007681183054187587,0.01191405354778281,0.016320025107286314,0.01009176400049428,0.0077592704190815286,0.010951942890648114,0.016796628167778473,0.010130258766538315,0.007816323373692206,0.01097486396594188,0.0183829793917577,0.009043728375292631,0.012139190394568337,0.012182711023310276,0.011945453915898793,0.009004414994574448,0.00465853351690405,0.013355294294299769,0.0063430517078717115,0.006977884371444516,0.011097910668978903,0.016525269120154888,0.017946175844291548,0.1145700125,-0.074409591,-0.114236687,-0.077942875,-0.20312994,0.12020655799999999,0.031634928,-0.239209675,-0.0267589845,-0.044636007500000005,-0.050459615,0.15343653000000002,-0.116574147,0.03982639,-0.05657302,-0.099837488,-0.0477651665,0.150003115,-0.08386119450000001,0.12744036,-0.0075937025499999995,-0.08055588999999999,0.00679238185,0.038448584,0.10960867499999999,0.24560985,0.0001156555000000007,0.13205106,0.23449017,0.1314763,"DSC06651.jpg,DSC06729.jpg"
35,0.013148298618517925,0.005178155902913694,0.0042611516235446815,0.013738363660778208,0.02160731198341189,0.005284821119768681,0.003960841895621253,0.013600544286708535,0.022489446467367637,0.005274445966412655,0.003760469590711257,0.014432804257199613,0.021264912300793953,0.015353482443622288,0.015398425279481653,0.015400060589033208,0.006581920012323216,0.006588030870639852,0.0058599614899660655,0.029932222508763713,0.0008828389688518955,5.13278625384113e-05,0.0020411800509553325,0.01649488774643171,-0.09822200571428573,-0.014066783142857144,-0.028797455685714287,0.02456530874285714,0.03919566771428572,-0.005855700714285712,0.04647998442857143,0.0076892262857142886,-0.05313452514285714,0.043856027,-0.027580130757142857,0.04712211,-0.0908138454285714,0.0024733645428571434,0.033935314,-0.0225282363,-0.07212288142857141,0.05120503744285714,0.03888570442857143,0.025183924000000003,-0.002844013071428571,0.047506059514285714,0.0600712466,0.00540651357142857,0.03967276042857143,0.014233323714285711,-0.007553705642857142,-0.023175581857142854,0.010581681142857142,-0.017070089728571432,"20200101-DSC06606.jpg,Aria.jpg,Dunyeng.jpg,JJ.jpg,Jue.jpg,Snow_Monster.jpg,Zach.jpg"
36,0.012809579704531983,0.007487916690611838,0.011402682200004571,0.009482484027926076,0.02291213186303587,0.007409174364810257,0.013957659677490275,0.011049002936365036,0.018665209544963396,0.013019246190361218,0.009904840150363572,0.007625817334113082,0.01663960231439761,0.013805525543861073,0.013164969805039284,0.010492646841825999,0.016061637021495004,0.007429946898055953,0.016249698898074923,0.014809193432649614,0.012163898491555006,0.04217273912762575,0.012354786744810208,0.0007292577860157747,-0.12539738,0.017117234666666672,0.013731118666666665,-0.021362067000000002,0.10427007666666667,-0.005177224333333333,-0.010909496333333333,0.06832026000000001,-0.04152201433333333,0.060530217000000004,-0.05532220833333334,0.029384068333333336,-0.05248633366666666,0.0015163966666666667,-0.037231393866666664,0.018230659,-0.015992271333333332,-0.07913467333333334,-0.018381413999999995,-0.05417415533333333,0.10940468133333335,-0.071867338,-0.011212213,-0.08135397333333333,0.06409301333333334,0.026592776333333335,0.05156617616666667,-0.0082716345,0.03951597133333334,-0.08842492666666667,"DSC04518.jpg,DSC04555.jpg,mountain_sea.jpg"
37,0.012734844637955774,0.008522927975846424,0.013538614484962836,0.012451320655445143,0.011992724982605743,0.005187370935172219,0.013442994189252771,0.013879460679147155,0.015816258499206537,0.0034363373342772975,0.00947348010353732,0.01190539704422583,0.02448677781959898,0.011960523817060274,0.013847532837701015,0.016270626445927232,0.0053916218753542805,0.00687845903552221,0.030348522204313885,0.024227924586596797,0.0037259623178004485,3.778406730616067e-05,0.00012080245995759748,0.0002560608692439385,0.15645520499999999,-0.0602528385,-0.256169655,-0.13593626,-0.22682723,-0.106995595,-0.014081466,0.009165386349999999,-0.0825761725,-0.059740213,-0.07130724,0.043424059,0.1166449,0.38954414000000004,-0.058401227,0.35648672000000003,-0.072682735,-0.152423575,0.54356497,-0.009593169,-0.06629689250000001,0.027832637,0.153934415,-0.101189698,-0.16688376500000002,-0.023158660500000004,0.13329901700000002,0.057029866,0.037343163,0.054023884999999994,"DSC07680.jpg,DSC07681.jpg"
38,0.009701367705950925,0.00011113516716496912,0.01879609253519516,0.026276363861316925,0.016880935581507103,0.001323429713603953,0.017119705407959283,0.014563574937340047,0.031120658134023385,0.0018309443961289531,0.019327078716546466,0.012995373524118427,0.028647868029856458,0.016075516107088156,0.01594656588764947,0.01609185346132086,0.007435699646158606,8.861801075030814e-06,0.0024624500918786797,0.04579195985842717,8.178143805532151e-07,0.02938670490051892,0.009021336527791633,0.019926593351669998,-0.10498915,0.048312112500000004,0.107769715,-0.0501320985,0.034105563,0.001693950500000001,-0.112054333,0.053830982,0.084634285,-0.15401803,0.013232226500000001,-0.0061385745,0.08776257500000001,0.05818219299999999,-0.016736647299999997,0.012429741300000002,-0.0174477725,-0.01756452025,-0.08850395,0.08777933,-0.147278845,0.0536152425,-0.024153364,-0.0610810625,-0.00555047505,-0.018167361,-0.01242576265,-0.0300259525,-0.007535942,0.0044983240000000015,"IMG_4256.jpg,IMG_4257.jpg"
39,0.009729163013639327,0.0014692375535971288,0.003258493959116079,0.004137375223176312,0.04407711207772741,0.0014934259608643404,0.003071625127321287,0.004127516890439265,0.045556188951592,0.0014815580317786856,0.0030341885952720337,0.004541231449315925,0.04171989030748365,0.019462500603277647,0.019482066652050302,0.019290763984372353,0.005722201194249298,0.0020567925818129303,0.0035997150802764134,0.06600442168389055,0.0,0.0,0.0,0.0065447063455946215,0.013630918999999998,-0.037261587,0.01884784,-0.005032709000000001,0.09195402,-0.043723214,0.082884476,-0.020182528,-0.16029547,-0.043056607000000004,0.07389822,0.03963677,-0.17459011,-0.004068479,-0.007948259000000001,-0.14342405,-0.13706782,0.12306566,0.077133775,-0.016559528,-0.064110115,0.075239316,0.23244132,-0.032312627999999996,0.14939776,0.07494943,-0.09792248,0.006514495,-0.039154317,0.14364676,Yijun.jpg
40,0.0046147366105227785,0.02748720478194798,0.007472689525362692,0.0006080143670165992,0.00026257483238079185,0.03131541064489041,0.0019372378403154464,0.00024944603997164737,0.00014138907683331766,0.029332202726059343,0.0044941389849706935,0.0005310480360991952,0.00016440121660241775,0.004142721566794098,0.0029968822013623684,0.0033703382282051072,0.013902278677473626,0.008392940032893651,0.00024736131753154373,4.189961607300978e-05,0.008525013933512508,0.00028548554098604045,0.09196363050874394,0.002766408876776801,-0.03057136,-0.07459655400000001,0.0949632,-0.22544004,0.3249613,-0.16490647,0.13936733,0.11469900599999999,0.01767721,0.025245981,-0.1757114,-0.2627585,-0.30780762,-0.21900414,-0.24607562,0.6725051,-0.21583124,-0.17733379999999999,-0.17688307,-0.05435697,0.10442597,-0.2243473,-0.14496481,-0.12130793,-0.032560326,0.4551219,-0.0034259139000000004,0.05328189,-0.27232194,0.23015225,dark_forest.jpg
41,0.01199190089628326,0.004982316150773178,0.007713539551693438,0.017912936516776442,0.016624685844991473,0.0035321045656021227,0.012536237672949741,0.014727789164703612,0.01851035387648712,0.0048087556901326295,0.01798984114363709,0.008064313619127345,0.01833626767042743,0.014512805501887431,0.014486052778098519,0.013669943688206348,0.010257836997388331,0.003280301703122052,0.012499934110220226,0.025814577258750256,0.0007584644226502103,0.01864827579150294,0.013078831340738322,0.008721752841612229,0.04256641,0.48849618,0.32956627,0.058249112,-0.03266982,0.120407686,0.09255374,0.10922912,0.067034915,-0.18683048,0.031346723,0.11841093,0.046965357,-0.07413310000000001,-0.25168392,0.18831879,0.035418137999999995,-0.06304104,-0.34476972,0.103382595,-0.23254451,0.06401343,0.20004879999999997,0.060796755999999993,0.04695725,-0.15312521,0.35524282,-0.07245080000000001,0.37148625,0.28136724,Nights_Watch.jpg
42,0.016854256982199747,0.013988953404003527,0.00837094527369845,0.006371380068107732,0.006609460407640759,0.013856599912991898,0.006170878315783927,0.006276904553866085,0.00933007767500329,0.013150767534790407,0.0044574585763645785,0.0053357887753564355,0.01275772747210695,0.007815124305887445,0.008629732643800792,0.009829651862663652,0.0020138245515596864,0.016985919702793093,0.01153433231927936,0.01426327583351834,0.00019312102443635207,5.958051798065957e-05,0.006565555936409114,0.002064405400133886,0.43935138,-0.08247027,-0.28628990000000004,-0.32201052,-0.15390283,0.06456067,0.06034916,0.44970533,0.22445971,-0.03829758,0.1254711,-0.22955789,0.28527883,-0.1292337,0.48831785,0.050474845,0.028087629,-0.08282083,-0.094372734,0.14072199,0.023343403,0.021843536,0.24401148,-0.15529352,0.070836425,0.32296893,0.06644287,-0.039258767,0.12162808,-0.18190241,20181015-DSC04040.jpg
43,0.012869342507481736,0.007487678606911752,0.016890421354914344,0.015049812312411998,0.014219011631890523,0.00695613987920038,0.015644581893665174,0.015101490688662138,0.01600078391374614,0.006898057339325487,0.014864253463298728,0.016028130885551276,0.015855305543865758,0.01287216363255295,0.013312020502513457,0.013403964232147077,0.06993686878009653,0.00592226344236445,0.03437055259381338,0.02449057425708414,0.028059912380535575,5.073403677780672e-05,2.4146900865328883e-05,8.507324135878227e-05,0.17361248,-0.006875916,0.045854587,0.038996734,0.132162,-0.056653745,-0.42840677,-0.29080516,-0.045458607000000005,0.06788867,0.23525794,-0.15033981,-0.16620395,-0.10000807,0.22062562,0.29020825,-0.41301608,0.18548043,-0.1050509,0.34507984,0.0144180395,-0.17962679999999998,0.04906319,-0.050563767999999995,-0.07753083,-0.28854516,0.49988297,0.15727901,-0.1914544,-0.33500814,IMG_2067.jpg
44,0.012942543879040095,0.016639447075643736,0.006195261821216563,0.029995177563908994,0.004884052706425657,0.013181310532364428,0.011889078442060535,0.029952039222155995,0.005253531595076764,0.009338383319266185,0.016851229054717237,0.03379835858643555,0.005004082695185675,0.011092741166052442,0.011681334512971528,0.01221406508662835,0.018034193198719742,0.017068215919145927,0.0129455312960197,0.007682425154751555,0.004884104311289594,0.0004669982818108406,0.0012501570907668864,0.033808482370162575,0.19628459,-0.15688263,0.014178015,-0.38115954,0.039943077,0.09233298,-0.34429452,0.6538159,0.37037358,0.051132012000000004,1.1015264,0.47711486,-0.42520303,0.24899724,-0.09326328,0.03268082,0.09424921,-0.10461672,0.018360516,0.075363845,0.10245062,-0.23912968,-0.07938807,0.11796938,0.037987776,-0.040436734,-0.13979939,-0.10441903,0.018947273,0.008979809,IMG_2282.jpg
45,0.013634057297323886,0.00583721711689168,0.018056555552582617,0.010737395312754586,0.0213497187769218,0.005933270088210926,0.01702115349107569,0.010711810779079858,0.022066142195288498,0.005886165842680507,0.016813594137336983,0.0117854907151941,0.020207946561882052,0.014016071857597337,0.01403016470312398,0.013892392208807124,0.0310029943908678,0.008171483704663763,0.019167063524299737,0.031430275876179484,0.0,0.0,0.0,0.011851482163358441,0.38476950000000004,-0.27101982,0.07887043,-0.0752834,0.4232175,-0.18635514,0.26649463,0.039575793,-0.21741736,-0.028995175,0.16213134,-0.10541097,-0.07421665,-0.18869619,0.06763057,-0.3506366,0.17625433,-0.28024963,0.28736535,0.19698788,-0.29270533,-0.10345584,-0.19592808,-0.035462584,0.3521062,-0.02518263,0.17608532,0.28844944,-0.0867883,0.13243498,20180901-GOPR0795.jpg
46,0.014281285953095232,0.012756737773992555,0.005086144625786149,0.010738629431482119,0.01485938591125004,0.012938889501959181,0.00504635115052732,0.01053626659600847,0.015377121256772335,0.012516729329142865,0.0064020948857302995,0.01075088925169046,0.014153049383138548,0.010704111026897934,0.010785502021377649,0.010830861195830842,0.0035842072017684356,0.014650073117519207,0.006011473147192941,0.014425854425409942,0.0010890366783323992,0.00964071935108609,0.010655239066550581,0.012526795108930785,0.15627255,0.058049021625,-0.23890026,-0.243359625,-0.38433592,0.0207449415,0.136022275,-0.21264101000000002,0.0176310795,-0.136648607,-0.0905845925,0.133315935,-0.01927127,0.17989637000000003,-0.142344065,0.05661266065,-0.11536996,-0.07733665249999999,0.0579986445,-0.08590750250000001,-0.0762583295,-0.19573172,-0.056819295000000006,0.0988079315,-0.0077280592999999995,0.026304021000000004,0.049836236000000006,-0.00410290035,0.035753720499999996,-0.1175630025,"DSC06658.jpg,DSC06722.jpg"
47,0.014472372294762437,0.0077481268145686,0.0009335265851631404,0.022053201764821024,0.001184999355575698,0.00787697093772026,0.0008526441681432364,0.021885812062185657,0.0013999241627506453,0.007972749164660372,0.0005661990210012578,0.005264167334434724,0.021662570605528425,0.012539945827711679,0.01288600214389924,0.013481881492078858,0.016757190738657106,0.00010487405348667039,0.027997170902225917,0.0021260014392891114,0.0399740659376864,2.589993894329209e-05,0.015468921488866194,0.00017242571478458702,0.27976609999999996,-0.89296263,1.6080653999999999,-0.104494534,-0.7021162,0.45693722,0.0026179892000000003,0.03107363,-0.35402855,0.061512965999999995,-0.090553164,-0.07226203,-0.07235764,0.037703626000000004,0.14097801,0.117073365,-0.06562075,-0.11848666,0.034299757,-0.13963254,0.0067597609999999995,0.00095747877,0.086013496,0.04450694,0.037819777,-0.027964706000000002,-0.051850334000000005,-0.0073476033,-0.028404275,-0.06472974,20191229-DSC06365.jpg
48,0.013290526351806052,0.006027081187591986,0.01485546561259722,0.011599513163594621,0.016076667771613515,0.006367537753160039,0.01456196024584281,0.011418881054821058,0.015823535729110935,0.006838045038546344,0.01545262046358504,0.01439923606997053,0.010652831272141014,0.013478356558584585,0.013156777905175901,0.012248875583205572,0.012346211105850251,0.0018653163958914718,0.005949361869182948,0.011730245111976957,0.008774680980832826,0.021029631288788955,0.020752607706730316,0.019405291372912168,0.05832068,0.07836295,0.0036239265,0.4092318,0.07343558,0.17015815,0.08863225,-0.09539157,-0.10529868,0.020195499,0.24629083,0.19460829999999998,0.05520771,-0.13531654,0.07218255,-0.036012392000000004,-0.15647133,0.002380412,-0.054429516,-0.043493795999999994,0.04063647,-0.0056795026,0.29447716,0.118689425,-0.29805085,0.01832868,0.15718372,0.14985022,-0.20271309,0.23062567,20190422-DSC04760.jpg
49,0.015367950464135709,0.01067401036607598,0.009241628683399285,0.009440961400359207,0.007582976015265899,0.011273066795767407,0.009947088023061957,0.007850474880989491,0.00787406411073325,0.01113618503360596,0.009102059311772681,0.00792173945554965,0.008751171806520523,0.010275079408941007,0.00966651730142639,0.009878803825867071,0.01126240352526917,0.0032190512563832585,0.004412836836559502,0.010521559302915342,0.0009473795445580031,0.0005373437949901523,0.0380351290744724,0.013376885357928298,0.18315496,-0.13524157,0.047390647,0.25838193,-0.06751631,-0.10708004,-0.113666885,-0.12211138,0.16230589,0.022151556,0.120696336,-0.29357255,0.20077482,0.034217484,-0.08613845,-0.051939994,0.06412264,-0.12251785400000001,-0.03788039,-0.107504666,-0.073842786,0.20104046,-0.22862071,-0.021957567,-0.038342845,0.048715383,-0.03897281,-0.20094773,0.12530567,-0.12318812,DSC07899.jpg
50,0.010496194482396044,0.0046446366628557344,0.013778763696920084,0.02030967319442572,0.010151121838125029,0.00472106540333801,0.01298865949929158,0.020261280311177,0.010491758709435372,0.004683584853722399,0.012830273184696707,0.022292134906982876,0.009608244951204015,0.013497677434090843,0.013511249045665023,0.013378572165404093,0.013230411962101628,0.006501997791855274,0.014739684135972663,0.011443102194111628,0.0,0.0,0.0,0.024604147361216817,0.10169176,0.15641867,0.020688977,-0.16784479,0.061682127,0.055340297999999996,0.011982048,0.25985083,-0.14821696,-0.29614246,-0.12240219999999999,-0.07384249,-0.059172336,0.09371924400000001,0.19394067,-0.16760145,-0.0075865593,0.0011106259,0.15922973,0.08249209,-0.08388385,-0.033547363999999996,-0.106600225,0.21527456,-0.22451769,0.11773785,0.181588,-0.25797739999999997,-0.016095165,0.07857297,20180831-GOPR0522.jpg
51,0.011381003351912495,0.022168845008680545,0.012612420300931366,0.0017333588072101903,0.0030854700201782327,0.018698943162575875,0.01611867626761183,0.0033853658302437253,0.0033255724412965732,0.022527439770697714,0.011277501686655964,0.0021821477274265593,0.002786559781000352,0.005366299893859642,0.006486139358104781,0.005120278182639172,0.03306739902354988,0.0027248224015235787,0.0072118445340129435,0.003893058689845941,0.2230804859616612,0.0028915203440023495,0.0055722258268909135,0.0008798197561574425,-0.09056966,0.058214866,0.047707085,0.14514202,0.08869802,0.0037421459999999996,-0.18519000000000002,0.042833522,0.049878698,0.053552277,-0.17983353,0.12013106,0.06504887,0.05249691,-0.038292997,0.03952744,0.037994716,-0.20572978,-0.10458697,-0.01421594,0.06760953,-0.06485385,0.13028422,0.09899263,0.2719258,0.071814016,-0.16381699,-0.0032332572,-0.22333470000000002,0.10725249,20180617-DSC02493.jpg
52,0.010521736292133956,0.0013817187534569536,0.014999456816560956,0.011366139750042529,0.024143234139584312,0.002253154324718582,0.019857476672973263,0.014174055112083809,0.01391894884853344,0.005787736840647663,0.034909775350321276,0.004583103500723832,0.004416426313888684,0.016802461689160584,0.014010565835793182,0.01010831454737618,0.01805517990039299,0.00018773471576785024,0.0007572767810672527,0.007237319440978928,0.0024701499211480893,0.054477697088276635,0.02537472320538919,0.016445129681295072,0.10287255,0.61887205,0.30426323,-0.08378591,0.12149416,0.0014466786999999999,-0.020466909,-0.10876796,-0.038438883,-0.46320340000000004,-0.0024725678,-0.14353,-0.059622362000000005,-0.020286683,-0.022134902,0.060019567999999995,0.07032361599999999,0.09000153,0.10522036,0.026818413,0.08292005,0.02948555,0.0047979215,-0.04912342,0.13002087,-0.14386973,-0.05223576,0.06429593,0.04021767,-0.11238675599999999,20180407-20180407-DSC01662.jpg
53,0.009916381393036343,0.01285906576428413,0.026009710860516164,0.008358842359141359,0.0033587533869539983,0.011055265507732743,0.026296372818144863,0.009540103227584898,0.0035702008827624477,0.007489258657802472,0.030626680203289326,0.01136644441529328,0.003453539378031548,0.009103375710828912,0.009658720132997829,0.010081649511975623,0.006499145888758036,0.012953001925841126,0.020298840571413904,0.0045664054131320025,0.00469051596435007,0.0016650569801321357,0.005501914400731456,0.01615005957433261,0.97041374,-0.41944742,0.007599686,-0.7369340999999999,0.8868870999999999,-0.008553625,-0.07166406,-0.45612118,-0.16618824,0.20202918,0.08809031,-0.1287423,0.30187859999999994,-0.025873927,-0.21805006,-0.10909424,0.061218087000000004,-0.09766566,-0.14827200000000001,-0.15337552,-0.22822998,-0.06359539,0.34549287,0.15196551,-0.04580115,0.08932977,-0.030688507,0.017398573,0.13798808,-0.10167017,DSC06734.jpg
54,0.015759592092201038,0.01372536018746972,0.0107868302377177,0.007889330481217259,0.011443069248747965,0.01376576740808411,0.009452839560259869,0.008263371506193093,0.012372547629267016,0.013123200908822751,0.0076142723294568455,0.009956923484115785,0.012888305403179827,0.009276016417583615,0.009432928567306171,0.009916724154847843,0.0032875836056347695,0.015916230160471494,0.015701660141648987,0.018050777330349488,0.0008958572385831505,0.00017879484599741754,0.008280937276680807,0.004291233218758206,0.34072566,0.036314912000000005,-0.21324497,-0.23459977,-0.23567486,-0.050439887,0.14643086,-0.0583143,-0.018223843,-0.2036022,0.028048603,0.16554539999999998,-0.20928523,0.03808921,0.12032915,-0.08723575,-0.09027347,0.0073215645,-0.0011762292999999999,-0.23745169,-0.1830131,0.0067770537,-0.15118095,0.0816563,0.10268659,-0.13984944,-0.15846459999999998,-0.044343337000000004,-0.09456229,-0.21577646,DSC06700.jpg
55,0.01120348942422478,0.015515884014215369,0.013132361806570587,0.012517994310244014,0.000384624666702996,0.015233373377544341,0.01812363342410101,0.006935616022782842,0.002646094039081117,0.01660326381416716,0.006626258349370704,0.0021889377898170314,0.01667868534978081,0.007472388101862479,0.008333004893846892,0.010237738149948213,0.009510341501199284,0.0054107786691239106,0.01717426100363017,0.0002266557866501389,0.16332687824654055,0.005656205596060182,0.00011013342589796345,0.0013497757014054046,0.50273633,0.46828118,0.13424878,0.14551824,0.043732688,-0.2548688,-0.40424395,-0.42043728,-0.12979870000000002,0.16930546,-0.12772077,0.28664517,-0.24691047,0.08997999999999999,0.6266375,0.48235562,0.6654784,0.16004154,0.0071413512,-0.18509528,-0.07823968,-0.012205137,-0.2159965,0.15134154,0.1410625,0.21189553,0.026585985,-0.083310105,0.090910755,0.061136946,20180407-DSC01687.jpg
56,0.014892225682899085,0.009269262774725093,0.01856553506623041,0.005804794598121735,0.014353829334145194,0.006922322130821664,0.008333262176121379,0.007334548906151219,0.02657824771520319,0.005972536623999306,0.006757454606387269,0.008262305665649491,0.026966403350903712,0.0115213460180455,0.01473967726618722,0.015696454813204978,0.020399161182709145,0.006226773957193807,0.011009933420040178,0.03172963433493257,0.02436526067044774,0.016676203279987454,0.008916594248615949,0.0020184408867822677,0.067185484,0.105819955,0.030073232999999998,0.32439286,0.00047103653,-0.031119257,-0.29988486,0.016699606999999998,0.00048394362,-0.20185769,0.040904127,0.019958442,0.06680385,0.11131878,-0.09740298,-0.11224827,0.071971156,-0.34049132,-0.07385813,-0.14375281,-0.07122117,0.1463066,0.14217491,-0.118326895,-0.09265594,0.28954735,-0.10955159,0.21571217,-0.08600869,-0.105040945,20180407-DSC01675.jpg
57,0.015381385232089097,0.004800078438595024,0.008738151085579245,0.007194662233420592,0.02943085738125792,0.005092849860063842,0.008084156060248735,0.006463326741179646,0.031134523385428974,0.005048839743598083,0.007914358200182929,0.007231176393140978,0.028456335785920658,0.016520385615843104,0.01674516949244279,0.01665573640191712,0.025860592745603497,0.002835856979142481,0.004795889226545615,0.04385752172318698,0.003235390520094313,0.005498940740460069,0.012764513895703329,0.009997381144265849,0.21407919,0.7240759,0.3961719,-0.18997684,0.11200974,0.019384764,0.054538857,-0.10243667,0.11073447,-0.83036166,0.17051275,-0.37743443,0.0033103753999999997,0.14051813,-0.1606088,-0.07405687,0.13625477,0.25672594,0.13887241,-0.031261187,0.36271638,0.078795,0.16051429999999997,0.058708984000000006,0.21869070000000002,-0.02941066,-0.11481179,0.19556364,-0.08022353,-0.11211234,20180407-DSC01689.jpg
58,0.014699728361310437,0.016303276731180073,0.00884463303068682,0.005303976721084012,0.0035654124106167116,0.015752243962173583,0.006996702952769248,0.005233800571148211,0.006556398997988282,0.013475851589185201,0.007313524146520136,0.004591299586134552,0.010322488041626107,0.006559213867960615,0.007641842565413881,0.009338493607641992,0.002378109986618551,0.01992481225439849,0.01318591691798794,0.010041578686150195,3.948875151814096e-05,2.318204411590958e-05,0.0052545106003082645,0.00026833435303342043,0.34640917,-0.05898066,-0.29406288,-0.23260963,-0.24259366,-0.02591457,0.2698215,0.15482628,0.13219039,-0.13011749,0.12030693,-0.13249773,0.24166988,-0.16929385,0.5472581999999999,0.07978325,-0.0019502363,-0.19259071,-0.27717929999999996,0.028837823999999998,0.17848614,0.19483548,0.17944361,-0.13179675,0.02094853,-0.018984957,-0.09072238,0.016534902,0.04800881,-0.034114145,20181015-DSC04033.jpg
59,0.010623819127498343,0.005761656262591376,0.008896828011638372,0.02024934197258101,0.011255238417428065,0.0043021140870313345,0.019827679385047082,0.015333653481206034,0.008894315526661237,0.008646057905109285,0.01922774162483808,0.007038739852211034,0.012134836954731441,0.013583875781931076,0.01237305974312055,0.011352322644815392,0.016207247989915644,0.0053671389353495075,0.016023941217744614,0.012993512320017955,0.001151132155941547,0.024097548336293975,0.02610429485930149,0.0034961249210917647,-0.0060291784,0.13958903,0.04736452,0.13244449,0.17440179999999997,0.06991914,-0.18360452,0.21806014,-0.031410433,-0.16813503,-0.2895776,0.42411238,-0.08613785,0.12968802,-0.021924122999999997,0.018748118,0.05467797,-0.327585,-0.33440929999999996,0.09600793,-0.25509882,0.40193602,0.027013667,0.060343474,-0.12392808,-0.015301028999999999,-0.14098233,0.12346963,-0.23198615,-0.24890065,20180408-DSC01768.jpg
60,0.0044338176385240475,0.026836107303163933,0.008964608267463231,0.0004121487897278831,0.00021825012957375647,0.031547919374740746,0.0015572681885869762,0.00024458366558259613,0.00013579432626614982,0.02863693826581318,0.005899097981416532,0.0003283235218503565,0.0001560289324235909,0.004269671981719913,0.003183386902053255,0.003741184171838136,0.014462044987769266,0.008793954674443634,0.0002178032854836416,6.01141376002974e-05,0.002366053833566245,0.000197020728957512,0.09462318738547777,0.002254847901733985,-0.076807,0.122429855,0.106393844,-0.13596629999999998,0.18778694,-0.037457973,0.17263703,0.073747754,0.026704727,-0.007012778000000001,-0.07913142,-0.12990245,-0.08566565,-0.12759407,-0.15829493,0.35724908,-0.05659465,-0.03756267,-0.1050644,-0.015880609,-0.00046909832999999997,-0.06230815,-0.05507186,-0.010417022,0.06385993,0.08379713400000001,0.029370188999999998,-0.06191764,-0.008448436,0.08510955,DSC04743.jpg
61,0.011293236499523228,0.019148714872475683,0.013821440154291292,0.0036565063286077,0.002711024344960569,0.018888278056459342,0.014231902530408963,0.003460187174608581,0.0028057268677638947,0.017867541537433827,0.015252037262619996,0.003973163855890905,0.002643544088508818,0.006074298121250639,0.006256950860577001,0.006464799709017782,0.013263680011733786,0.020985486788893074,0.011824513372570964,0.00220921009821155,0.015301774382653831,0.0031703976701139697,0.01018985625390688,0.005560186627501259,0.22511011,0.0031153744,-0.021597365,0.19519761,-0.079046726,-0.051275275999999995,-0.13259612,-0.057551082,-0.14230038,-0.062910035,0.013104277,-0.11717117,-0.021534175,-0.19628423,-0.11618256,-0.26107442,0.190392,-0.2634515,0.17712428,-0.038915984,0.06973861,-0.2284838,-0.0885065,-0.15849927,-0.005391545,-0.0800049,-0.07206246,0.037984595,-0.0019416339000000002,0.07943001400000001,20180618-DSC02700.jpg
62,0.0091258011877164,0.010642721559812888,0.017643890945668664,0.008955937118682698,0.00036791464599875075,0.009735951770082778,0.018201232582267482,0.009403052841760165,3.0933294802529424e-05,0.007236489077343054,0.02027785711455582,0.011891388253889931,3.489998726428922e-05,0.008142376393800662,0.008428549035851931,0.00923786222080114,0.005740248835897706,0.011364280161865673,0.01764427312390121,7.086878682971979e-06,0.008705166758485802,0.0007124081971068491,0.0042055927846704425,0.010460589839029687,0.70883834,-0.07237735,-0.10478516,-0.21183705,-0.23656043,0.053847000000000006,-0.42730379999999996,0.75751245,-0.07886461,0.14052403,-0.5694276999999999,0.25590426,0.13703589,-0.44092235,-0.26245999999999997,-0.104784474,0.1903435,0.52407676,0.061515234,0.13995548,0.14307219,-0.016561136,-0.056625273,-0.14064866,-0.013191026000000002,-0.02289639,0.07357813,0.24010238,-0.041659296,-0.12261171,20180628-DSC03353.jpg
63,0.01536771132354791,0.007507067068230155,0.01890148664903641,0.007312856439654952,0.013659441678002236,0.014891167740903212,0.010340467440369386,0.005241701929530418,0.011906196790324031,0.018481709235825712,0.00662849852302429,0.006057387223943778,0.00807988540255033,0.012338465218273474,0.009907357263329478,0.00788936886614487,0.015710473329912947,0.0005591885176990326,0.00014895277616672819,0.00023038572279907154,0.000789307707859646,0.03664644179870706,0.0729045677328724,0.006628784684067007,0.3079572,-0.4703337,0.46731424,0.40959072,0.19184451,-0.8147139,0.50531024,-0.10130765,1.0729628,-0.15413621,-0.27251878,0.3308212,-0.047250263,-0.10380607,0.017449647,-0.055549268,-0.04807632,0.0034193513,0.12265822,0.03790299,0.08816728,-0.12172649,0.08436703,0.04845789,-0.21998099999999998,-0.046891626,-0.008639862,0.028825312999999998,0.12595047,-0.12285997,20180618-DSC02682.jpg
64,0.011449303948123574,0.004499056160371674,0.01137875688542277,0.019941030995282383,0.01833352081440483,0.004573089334687792,0.010726274284173401,0.01989351649440511,0.01894873096259427,0.004536783567437842,0.010595475947878834,0.021887508916350714,0.017353053348371145,0.014749563326620375,0.014764393681348818,0.014619411253302015,0.0175402883097696,0.006298200557669352,0.012075283716465365,0.022301288234468142,0.0,0.0,0.0,0.025775564108806017,-0.016327042,-0.019251876,0.012951767,-0.1383578,0.18604495,0.0772825,0.017292108,0.14857148,-0.104952306,-0.092227116,-0.13447782,0.07357801,0.071292706,-0.13976324,0.11080344,-0.013443351000000001,-0.13291673,-0.09189768,0.12220460000000001,0.31923008,-0.010737226,0.044495314,-0.31573132,0.19660015,-0.11986072,-0.0033600672999999997,-0.07129311599999999,0.020893576,0.083363466,-0.039296985,20180831-GOPR0528.jpg
65,0.006104769752947529,0.02969512773554355,0.0036052401752571478,0.00046265392702046716,0.0003119596118799579,0.030422682978375,0.002951982410016085,0.0004792711525208091,0.0003447866391194122,0.030422704993004836,0.0022626922687477504,0.0006015377999558285,0.00047196663628047296,0.0019631197801092803,0.00189855207244332,0.0017157208479354257,0.004116964132398153,0.013152154576388088,0.0026471385287913213,0.0005284076210987879,0.0843115220875016,4.263364435109808e-07,0.0499380108734446,8.487426078150257e-05,0.036622826000000004,-0.1916582,0.12677906,0.052849256,-0.020428497,-0.1296911,0.110449605,-0.075836085,0.10155249,0.05670305,0.15139543,-0.14015347,-0.032117683,-0.039540287,-0.07131177,-0.02691189,-0.0053942716,0.21277387,0.050665826,0.05397874,-0.014089889,0.18719839,-0.15588655,0.054289486,-0.15394479,0.06274556,-0.07258611,0.15490872,0.017638879,0.05456142,20191229-DSC06399.jpg
66,0.012194080409733745,0.015152779491164406,0.010855551885984572,0.006472577803765436,0.002171675085140448,0.015223221027182725,0.009412058096705037,0.007329982637894835,0.002262894166900896,0.013465477802000579,0.01054358183819923,0.009486728810197858,0.0019608409333856797,0.006696966721549871,0.0069363168175849135,0.007625836520437502,0.006739383741117936,0.01728330207189877,0.012720318797169386,0.0005477100406695142,0.0072008556207710595,0.005131545310264482,0.008867167853036071,0.004898503851472576,0.2908042,0.10942772,-0.13921589,0.12954643,-0.26779842,-0.11932137,-0.19130929,0.26163796,-0.09246356,-0.0014367867,-0.08289614,-0.2092875,0.09132814,-0.040651936,-0.26275948,-0.041063346,0.028839003,-0.05519164,0.07299378,-0.03903136,-0.004226459,-0.047223955,0.116902865,0.07083381,-0.10072619,0.18029428,0.041029,-0.056630462,0.02549392,-0.06392351,20180628-DSC03339.jpg
67,0.011014582771731693,0.00954427248868406,0.02294342831822688,0.01142473695696628,0.0022034280470185855,0.008999361865645551,0.021935102926754303,0.012026537592652778,0.0023584914265920684,0.008348006104665915,0.015517975094957063,0.018388260551394732,0.003364637229622675,0.00946196778585915,0.009881698684830043,0.010677067830761479,0.005614128203517169,0.005215899680605853,0.021848134673882046,0.002586493139676085,0.004626726442666918,0.0022624076295464585,0.023827826526127173,0.01167661441421633,0.27480862,-0.25752800000000003,-0.07886157,-0.03692597,-0.13914005,0.19279005,0.33360973,-0.4542268,-0.03851538,0.08050475,-0.040706400000000004,0.1035152,-0.11583231,0.33484668,-0.3957755,-0.09314243,0.48321822,-0.08643377599999999,-0.15025753,0.7438013000000001,0.4641785,0.18267451,-0.07418789999999999,-0.020614795,-0.057961575999999994,0.15828097,0.12713735,-0.15704592,-0.24295494,-0.062999524,DSC06786.jpg
68,0.01743288517837081,0.023397817708292745,0.004476195542774561,0.0012091395396174763,0.009279180405649285,0.022717072473402017,0.005147358237726471,0.0016223499163469006,0.00994055415355701,0.019992448626403703,0.006457855729933703,0.003386543617247475,0.010126602581193777,0.006030701137613928,0.006573051608904376,0.007819767558134268,0.004436658416207183,0.031097890389793617,0.00672892540641432,0.011082666030919772,0.000767109888958916,0.007153445893615308,0.00023856956839929058,0.00041818481686845183,0.08744259,-0.10251975,-0.13394126,-0.016382024,-0.08638847,0.024824508,0.111009836,-0.07461601,-0.010195299,0.026954869,-0.032652903,-0.023383547,-0.007774703000000001,-0.023399992,-0.010939428000000001,0.07064319,0.19848388,-0.080767564,0.012291083000000001,0.036148608,0.089308366,-0.0030479073,0.008532083000000001,-0.07209816599999999,0.012625016999999999,-0.22322121,-0.0039372426,0.09070310000000001,-0.07504085,0.08352075,DSC06756.jpg
69,0.011286952662972019,0.006650645438478837,0.019207460112522338,0.009469455483384778,0.004531534030207226,0.0095752354970572,0.0192767352221869,0.00571280678660295,0.0034638398094800943,0.00785252707779174,0.02112285061668864,0.006862969828057702,0.0031949824511076012,0.010335248478330915,0.008664973136575866,0.009165687041327608,0.03477130670431109,0.008350396936922893,0.016219497157773533,0.003509092846114568,0.0008776316609593933,0.0017978607822858059,0.007876555968755994,0.01200717542050814,0.0096095055,0.019921283999999997,0.0648092,0.040522493,0.21436301,-0.08345425,-0.060105015,0.102680326,0.106946126,-0.13550493,-0.14932364,0.17835176,-0.11124402,0.03804783,0.030471992000000003,0.000979715,-0.06251605,-0.11895596,0.064059645,-0.14928779,0.0416158,-0.022031402000000002,-0.006030852,-0.08381856,0.012770904,0.11124762,0.14764996,0.024660379,-0.08088549,-0.09368486,IMG_2341.jpg
70,0.017159475047178147,0.02174732165773556,0.007220103473254863,0.0019695753803624216,0.008561924340889955,0.020468836242284214,0.007581151809333328,0.003021155287063831,0.009511319214209986,0.01753607986919316,0.008288194483539265,0.004936632557205482,0.010629440855144737,0.006458823140047296,0.007241676712538155,0.008572797282365336,0.0028182978348130928,0.02770902154411086,0.010676676461377429,0.012766452456951679,5.60787003807919e-05,0.0031371967195755524,0.0013963976085779215,0.0006265355704237258,0.2761478,-0.13149221,-0.27301705,-0.1616793,-0.15415962,0.043077193,0.24765112,0.039995063,0.0076772957,-0.018802615,-0.03237321,-0.040851995,0.07237371,-0.028396642000000003,0.15514138,0.21140678,0.065298565,-0.2306717,-0.10421717,0.059949033,0.19665848,0.120051995,0.13654707,-0.21522078,0.04404136,-0.3768284,-0.11140996,0.0064398316,-0.043932077,0.21949723,DSC06754.jpg
71,0.00953212558333373,0.0033022938813454853,0.01702675590034972,0.011361218896888443,0.018979072846658618,0.0035407931976301718,0.019145812525600575,0.014776412908594124,0.011637952825630802,0.0009629499900281535,0.0029056026275561695,0.022069280258273396,0.023694399598115513,0.014644857956488871,0.013061876904074848,0.017280016232905974,0.014179330868953687,0.004495182865240744,0.020423772520203037,0.0004408473700025946,0.0001286305189984414,0.018262388018070057,0.0010255410785899623,0.01989299276782481,0.6121747,1.0997276000000002,0.36457658,-0.19947654,-0.10821177,0.109432004,0.20167620000000003,0.17549637,0.41354719999999995,0.91164684,-0.20159718,-0.34870413,-0.16317354,0.49508095,0.04770659,-0.33965567,-0.23668769,-0.11379804,-0.06894476,-0.013705537,-0.0697316,0.03523597,-0.093904145,-0.04495917,-0.04777139,-0.061078463,-0.012297558,0.12654439,-0.07392011,0.080237284,20180407-DSC01647.jpg
72,0.010961331240667395,0.002849643006643923,0.002320888006704221,0.01793924355395575,0.025278162271148343,0.0029044270149288965,0.001991665712371217,0.01407657385630331,0.03128294644214203,0.0031050847681299413,0.0013473183543505126,0.004129060944916571,0.04117925608987838,0.01658144506088643,0.016992709149102087,0.018392512421575316,0.009006586623253555,0.00017007562172388527,0.018949437587008382,0.047968253270124384,0.015908943144901697,3.197523326332356e-07,0.0061676530653018286,0.00014067926813677437,0.0023410628,-0.18990652,0.22923395,-0.056398212999999996,0.006878775,-0.030836522999999998,0.025441973,0.026265032999999997,0.08160936,0.03144395,0.06927271,-0.03346766,0.09514031,0.057409678,0.09385299999999999,-0.13779652,0.00629723,0.07690268,0.047456883,-0.039265245,0.048438925,-0.06858323,0.09411608,0.022360167,0.080981076,0.08819578,0.03993769999999999,-0.012021828,-0.018733824,0.14268206,20191229-DSC06369.jpg
73,0.008308356815035578,0.002482195376096203,0.012593413471305855,0.02306158611750779,0.012577901495999142,0.002406650888381529,0.018649368542355656,0.018037171737044357,0.012697914808084446,0.002026343848556141,0.01937354554561122,0.02018210396734153,0.010934116506373777,0.014646154751299758,0.01417925666034194,0.013997463800654645,0.006545789778810461,0.0022042079393785217,0.008791392924395005,0.007302058008674987,0.006891267443599415,0.01833736401873306,0.0015255032398878978,0.030399145139241905,-0.11290874088888889,-0.018294077066666668,-0.0014645445900000004,0.0013589327555555543,-0.009200628111111112,-0.010443213866666667,-0.07751980344444445,-0.029653110444444446,0.043072774555555554,0.019756480077777777,0.008026560222222222,-0.0016658458888888907,0.054614162555555554,0.012299982655555554,0.014104642499999999,-0.024459093777777777,0.0031247498000000016,0.03271743188888889,-0.0023142332333333333,0.012321405288888889,-0.010233415888888887,-0.022212894177777776,-0.019185264444444447,-0.05178178722222222,-0.00022391591111111102,-0.030810319061111115,0.008658632155555556,-0.011224245333333334,0.010389342286666665,0.013728845111111113,"20190824-DSC06287.jpg,20190824-DSC06300.jpg,20190824-DSC06325.jpg,20190824-DSC06345.jpg,China.jpg,DSC08611.jpg,DSC08735.jpg,IMG_2049.jpg,IMG_2299.jpg"
74,0.010241818173056286,0.002259817520095258,0.0026356826660356683,0.011882995963286166,0.02172970830877374,0.002309226446640839,0.0024706835737779895,0.011864175327329482,0.0224396255803726,0.002255175756969714,0.0024870700098680626,0.013035782397098758,0.020581760077952215,0.01707590686295606,0.01708449137821672,0.016943710630734816,0.00873582549498786,0.0031802899481324187,0.0029431884935573263,0.030034098610031524,1.947177096555274e-08,6.537158800501707e-05,1.3591126190616633e-07,0.015858905766913883,-0.04996330366666666,-0.039670329096666665,-0.0508355945,0.019613738999999995,0.0357695505,-0.08468785716666666,0.04551774933333333,0.03784601416666667,-0.09029199333333333,0.06817542850000001,-0.017157962433333333,0.010408960833333333,-0.15619277083333336,-0.004299040333333333,0.026330518933333335,-0.01853355191666667,-0.08431214833333334,0.06794669283333334,0.08541720033333333,0.11215842766666667,-0.06720198483333333,0.05980455875000001,0.11133546083333334,-0.023470555,0.09443039133333335,-5.962213333333329e-05,-0.0844309735,-0.060118659,0.021282221666666667,-0.04459961816666667,"Allen.jpg,Ellie.jpg,Fiona.jpg,Hao.jpg,Rocky.jpg,Xinyu.jpg"
75,0.006891827506694005,0.02638404395759323,0.007764500262554351,0.0012538802489295581,0.0010562223650310103,0.02779786129439727,0.0057944583078851815,0.0011964869594391636,0.0010339139589796943,0.02855341359631995,0.004300821738551632,0.0011972114551198865,0.00087192420309383,0.004410800415680296,0.004241767892228639,0.004053989038028024,0.0032035417965784684,0.026965710764585392,0.0016387958235091875,0.0006614730932119593,0.0016049023065227883,0.0016793392509897535,0.0374262013173788,0.002670427881954411,0.11229446,-0.08231601,0.0006731682000000001,0.081767075,-0.036365665,-0.20188503,-0.062371057,-0.10607379,0.052082962999999996,0.07432443,0.04896177,-0.1494906,-0.07180538,-0.089878716,-0.001940574,-0.079467736,0.13592936,-0.085437365,0.15825936,-0.13624431,0.0021362891,0.030706712999999997,-0.2447831,-0.16580531,0.06609178,-0.075559385,0.045183834000000006,0.0842601,0.052634798,0.12913176,20190804-DSC06087.jpg
76,0.008301593380258314,0.011512575718320749,0.04071279641649971,0.00299108200812675,0.00017229757263708217,0.01333164026009502,0.03538282997444671,0.0030777427274697442,0.000314076323506154,0.013367385686673616,0.0331074874668128,0.004378047045856043,0.0007447620154553293,0.007148460529552514,0.006533465787667439,0.006678726193277178,0.005905793299111767,0.010021156884826792,0.0119958908423847,0.0004367133574375277,0.017247121132738342,7.498192200249377e-05,0.03374586025622172,0.018226874126831397,-0.012108808,0.15977982,0.050147227999999995,0.012401192,0.016344773,0.0650597,0.10392727,0.024420261000000002,-0.02136637,-0.03810124,0.020085548999999998,0.030433257999999998,-0.073484726,-0.0730947,0.0069198078,-0.11895531,-0.04845531,0.09274500599999999,-0.10596427,-0.014231259,-0.064795405,0.0023572934,0.103133716,0.1273754,-0.115440205,-0.01572455,0.14078821,-0.066553056,-0.0052140765,0.06881688,IMG_4356.jpg
77,0.013938028372621819,0.018540795024720374,0.00689172486964905,0.0035484818855584526,0.0037909780774236647,0.018779646736615384,0.0062632873768177465,0.0038243977177884756,0.0039027439373073335,0.017726269839838948,0.006814043340853954,0.005005579125064282,0.003557719552780053,0.005141441772058255,0.0051958212912617775,0.005716545400771149,0.0052129916739606106,0.02445218466458147,0.0068746070937010795,0.003135166747184073,0.000361824448081901,0.00391909775697469,0.0042974234939650415,0.0040129317477174105,0.35940942,0.013728555,-0.07988563,0.13285992,-0.23450243,-0.11891759,-0.027479808999999997,0.20505367,0.006351621,-0.008941712,0.14614297,-0.05823856,-0.090140894,-0.18088341,-0.22196412,0.03413127,-0.062059768,0.01847474,0.0021490748000000002,-0.094700366,0.07655269,0.2759499,-0.15638967,-0.06853909,-0.020988327,0.106396675,0.10033325,-0.066678315,0.26019028,0.36725938,20180628-DSC03317.jpg
78,0.01214468984397019,0.016337030855756975,0.012487068667319462,0.009183499238986157,0.003777994469787267,0.016867854946777797,0.012670000084599845,0.00845336255163195,0.0034483934329142176,0.01761563159891356,0.015151755402022928,0.005852793727875338,0.0029695990759077413,0.008333403181519445,0.008071295971186254,0.007330691271202481,0.009487401203677295,0.01681926301069233,0.007457432369621614,0.004441856628558893,0.01703519037754926,0.008900146302679796,0.016582442457663417,0.009992424718977244,0.050376244,0.13270068,0.04903624,-0.045486365,-0.011215717,-0.090588,-0.05184809,0.0042377356,-0.0054734168,-0.1523466,0.05881216400000001,-0.30560058,-0.13359797,-0.15592538,-0.122507155,0.05774937,-0.08276109,-0.02232093,-0.056864105,0.06400031,-0.023836942000000003,-0.020743042,-0.029723213999999998,-0.05041997,-0.1163555,-0.009988841,-0.1661005,-0.14203994,-0.024893235,0.018416248,20190423-DSC05096.jpg
79,0.014455597423881304,0.022636333873981097,0.006044743629654874,0.00280496440660994,0.007101523446899922,0.02200575220227547,0.0067702553966763465,0.0031175144564468556,0.007558953974622291,0.012617487496159492,0.016950108371809453,0.007478190632527662,0.007483188439446048,0.0057974801271091616,0.006155096250573231,0.009316175473444686,0.007044032139545981,0.024683430097911532,0.006738975137310606,0.00757630847131442,0.02320618403195224,0.0075410923048776675,0.010737080298095078,0.0018466482920162976,0.6912785,-0.31423342,-0.40804353,0.8443765,0.33085248,1.2750965,0.03690466,-0.010183604,0.45733556,-0.22926116,-0.18806657,-0.21986055,-0.24792835,0.08136383,0.084427156,0.10572188,-0.048395312999999995,0.08198791,0.09712127,-0.048474573,-0.14636458,-0.20068301,-0.059488013,-0.080871515,0.07027974,-0.039051708,-0.04613071,-0.08174523,0.051531155,0.0049106134000000004,DSC09902-1.jpg
