,pc1,pc2,pc3,pc4,pc5,pc6,pc7,pc8,pc9,pc10,pc11,pc12,pc13,pc14,pc15,pc16,pc17,pc18,pc19,pc20,pc21,pc22,pc23,pc24,pc25,pc26,pc27,pc28,pc29,pc30
20170430-DSC04672.jpg,-0.14835243,-0.031172931,-0.058579825,-0.071276605,0.059287738,0.02059854,0.1130886,0.06461946,0.0096053,0.058658607,-0.031722907,-0.16570303,-0.024964057,-0.064759575,0.039780594,0.06241846,0.029969675,-0.010530699,-0.025459353,0.0058222483,0.02502955,-0.008537047,-0.058916513,0.0058472245,-0.015759801,0.0036746545,-0.033312853,-0.10286708,-0.019472232,-0.034246907
20170716-DSC08368.jpg,-0.08557645,-0.059819892,-0.031023338,-0.003674445,0.005463766,0.053805906,-0.064455494,0.0071991542,0.070872344,0.022662424,0.008013229,0.057496645,0.11696409,0.036424477,-0.07102395,-0.008101453,0.052698623,-0.032205764,-0.043112915,-0.043155964,-0.059731178,0.00034567458,0.015919508,-0.014654327,0.075605504,0.016734963,0.026001984,0.03798965,-0.030175108,0.014007296
20180405-DSC01342.jpg,0.06521751,0.017725376,-0.01220463,0.1015569,-0.008608749,-0.13229817,-0.2727316,-0.10491198,-0.029597366,0.07846549,0.09767828,-0.16438289,-0.012589104,-0.021240188,0.011384647,0.040535595,0.03560384,-0.02978267,0.0021922612,0.08520478,-0.02562439,-0.013722384,0.0345984,-0.0027441555,-0.054228354,0.003695662,0.03633537,-0.01850972,0.035794567,-0.064691566
20180407-20180407-DSC01662.jpg,0.10287255,0.61887205,0.30426323,-0.08378591,0.12149416,0.0014466787,-0.020466909,-0.10876796,-0.038438883,-0.4632034,-0.0024725678,-0.14353,-0.059622362,-0.020286683,-0.022134902,0.060019568,0.070323616,0.09000153,0.10522036,0.026818413,0.08292005,0.02948555,0.0047979215,-0.04912342,0.13002087,-0.14386973,-0.05223576,0.06429593,0.04021767,-0.112386756
20180407-DSC01647.jpg,0.6121747,1.0997276,0.36457658,-0.19947654,-0.10821177,0.109432004,0.2016762,0.17549637,0.4135472,0.91164684,-0.20159718,-0.34870413,-0.16317354,0.49508095,0.04770659,-0.33965567,-0.23668769,-0.11379804,-0.06894476,-0.013705537,-0.0697316,0.03523597,-0.093904145,-0.04495917,-0.04777139,-0.061078463,-0.012297558,0.12654439,-0.07392011,0.080237284
20180407-DSC01675.jpg,0.067185484,0.105819955,0.030073233,0.32439286,0.00047103653,-0.031119257,-0.29988486,0.016699607,0.00048394362,-0.20185769,0.040904127,0.019958442,0.06680385,0.11131878,-0.09740298,-0.11224827,0.071971156,-0.34049132,-0.07385813,-0.14375281,-0.07122117,0.1463066,0.14217491,-0.118326895,-0.09265594,0.28954735,-0.10955159,0.21571217,-0.08600869,-0.105040945
20180407-DSC01687.jpg,0.50273633,0.46828118,0.13424878,0.14551824,0.043732688,-0.2548688,-0.40424395,-0.42043728,-0.1297987,0.16930546,-0.12772077,0.28664517,-0.24691047,0.08998,0.6266375,0.48235562,0.6654784,0.16004154,0.0071413512,-0.18509528,-0.07823968,-0.012205137,-0.2159965,0.15134154,0.1410625,0.21189553,0.026585985,-0.083310105,0.090910755,0.061136946
20180407-DSC01689.jpg,0.21407919,0.7240759,0.3961719,-0.18997684,0.11200974,0.019384764,0.054538857,-0.10243667,0.11073447,-0.83036166,0.17051275,-0.37743443,0.0033103754,0.14051813,-0.1606088,-0.07405687,0.13625477,0.25672594,0.13887241,-0.031261187,0.36271638,0.078795,0.1605143,0.058708984,0.2186907,-0.02941066,-0.11481179,0.19556364,-0.08022353,-0.11211234
20180407-DSC01703.jpg,0.0390816,-0.01923171,-0.033717282,0.042625748,-0.11613978,-0.060441356,-0.116050564,-0.1463346,-0.038349196,0.0063778795,0.021145526,0.03316598,-0.10480502,-0.09346378,-0.005719815,-0.025949348,-0.0039289733,0.052600153,0.01706165,0.014934184,-0.02053487,-0.08360644,0.011554717,-0.0036355914,-0.03420706,0.012440076,-0.0003829915,0.062988184,-0.00028762314,0.020040987
20180408-DSC01768.jpg,-0.0060291784,0.13958903,0.04736452,0.13244449,0.1744018,0.06991914,-0.18360452,0.21806014,-0.031410433,-0.16813503,-0.2895776,0.42411238,-0.08613785,0.12968802,-0.021924123,0.018748118,0.05467797,-0.327585,-0.3344093,0.09600793,-0.25509882,0.40193602,0.027013667,0.060343474,-0.12392808,-0.015301029,-0.14098233,0.12346963,-0.23198615,-0.24890065
20180617-DSC02493.jpg,-0.09056966,0.058214866,0.047707085,0.14514202,0.08869802,0.003742146,-0.18519,0.042833522,0.049878698,0.053552277,-0.17983353,0.12013106,0.06504887,0.05249691,-0.038292997,0.03952744,0.037994716,-0.20572978,-0.10458697,-0.01421594,0.06760953,-0.06485385,0.13028422,0.09899263,0.2719258,0.071814016,-0.16381699,-0.0032332572,-0.2233347,0.10725249
20180618-DSC02604.jpg,0.024746688,-0.033077847,0.023790443,0.16387549,-0.10412322,-0.12589923,-0.16081634,-0.14353159,0.050182912,0.029030371,0.099983186,-0.124198355,-0.010389328,-0.053714607,-0.048015542,0.008876662,-0.050617356,0.036807057,-0.09404427,0.099392496,0.06633212,-0.05251155,-0.010823612,0.04048227,-0.000545125,-0.033048186,-0.09643768,-0.08776095,0.020360291,0.077246495
20180618-DSC02682.jpg,0.3079572,-0.4703337,0.46731424,0.40959072,0.19184451,-0.8147139,0.50531024,-0.10130765,1.0729628,-0.15413621,-0.27251878,0.3308212,-0.047250263,-0.10380607,0.017449647,-0.055549268,-0.04807632,0.0034193513,0.12265822,0.03790299,0.08816728,-0.12172649,0.08436703,0.04845789,-0.219981,-0.046891626,-0.008639862,0.028825313,0.12595047,-0.12285997
20180618-DSC02700.jpg,0.22511011,0.0031153744,-0.021597365,0.19519761,-0.079046726,-0.051275276,-0.13259612,-0.057551082,-0.14230038,-0.062910035,0.013104277,-0.11717117,-0.021534175,-0.19628423,-0.11618256,-0.26107442,0.190392,-0.2634515,0.17712428,-0.038915984,0.06973861,-0.2284838,-0.0885065,-0.15849927,-0.005391545,-0.0800049,-0.07206246,0.037984595,-0.0019416339,0.079430014
20180618-DSC02825.jpg,-0.1054601,0.035356246,-0.011748984,0.078471206,0.011524257,-0.05935254,-0.14188093,-0.05495494,-0.030632343,0.0651976,0.027551966,-0.05752999,0.005795557,-0.01813393,0.022452952,0.006124712,-0.01984306,-0.03307919,-0.01884322,0.014773272,0.11407737,-0.09909922,0.053886466,0.03970019,0.031056898,-0.02353957,-0.04364166,-0.017526777,-0.037625413,0.032624386
20180618-DSC02840.jpg,-0.09173641,0.016498767,-0.062785774,-0.0046783574,-0.041384216,-0.012304912,-0.06357676,-0.046366144,-0.02833013,0.011089346,-0.0038822866,-0.06782082,0.027234226,0.0006219768,0.05831865,-0.037058827,0.04843855,0.0135007445,0.018468833,-0.017073628,0.037587345,-0.044113435,-0.017777186,0.043446317,-0.10003293,0.00617763,-0.026577597,-0.039444994,-0.02165655,-0.0054605817
20180622-DSC03296.jpg,-0.15343441,-0.06702215,-0.05364924,-0.038643055,-0.02071037,0.04186624,-0.0058998726,-0.07230484,0.033992145,0.043897934,0.010121452,-0.028188275,0.092210256,0.021904236,0.036608573,-0.03995674,0.029217908,0.051691655,0.017611548,-0.069758706,0.020959066,0.005096791,-0.05666001,-0.0035759576,-0.0062393798,0.03985597,0.0038793546,0.011436391,-0.06881747,0.031661905
20180628-DSC03306.jpg,0.2138827,-0.006647476,-0.087697335,0.30983552,-0.053758364,-0.17137404,-0.09386669,-0.017127108,-0.04289718,0.076158345,-0.026102055,-0.06584357,-0.115986764,-0.071937025,-0.07486397,-0.023550693,0.14143589,-0.0662842,0.02466294,-0.07124085,-0.086240426,-0.0038783555,0.13463245,0.07878976,-0.024195775,0.025460016,-0.1368908,-0.14559574,0.026098344,-0.10155175
20180628-DSC03317.jpg,0.35940942,0.013728555,-0.07988563,0.13285992,-0.23450243,-0.11891759,-0.027479809,0.20505367,0.006351621,-0.008941712,0.14614297,-0.05823856,-0.090140894,-0.18088341,-0.22196412,0.03413127,-0.062059768,0.01847474,0.0021490748,-0.094700366,0.07655269,0.2759499,-0.15638967,-0.06853909,-0.020988327,0.106396675,0.10033325,-0.066678315,0.26019028,0.36725938
20180628-DSC03338.jpg,0.3623436,0.13038823,-0.1618785,0.30756935,-0.21748242,-0.19578932,-0.1381052,0.084192954,-0.16155358,0.13782308,-0.059030797,-0.17183422,-0.12626629,-0.09631606,-0.26628253,-0.015043257,0.04703272,-0.12643269,0.07680998,-0.048923716,-0.038600482,-0.056817118,0.21786545,0.16776848,-0.09579954,-0.07130809,-0.10350782,-0.26744223,-0.027829729,-0.15943274
20180628-DSC03339.jpg,0.2908042,0.10942772,-0.13921589,0.12954643,-0.26779842,-0.11932137,-0.19130929,0.26163796,-0.09246356,-0.0014367867,-0.08289614,-0.2092875,0.09132814,-0.040651936,-0.26275948,-0.041063346,0.028839003,-0.05519164,0.07299378,-0.03903136,-0.004226459,-0.047223955,0.116902865,0.07083381,-0.10072619,0.18029428,0.041029,-0.056630462,0.02549392,-0.06392351
20180628-DSC03353.jpg,0.70883834,-0.07237735,-0.10478516,-0.21183705,-0.23656043,0.053847,-0.4273038,0.75751245,-0.07886461,0.14052403,-0.5694277,0.25590426,0.13703589,-0.44092235,-0.26246,-0.104784474,0.1903435,0.52407676,0.061515234,0.13995548,0.14307219,-0.016561136,-0.056625273,-0.14064866,-0.013191026,-0.02289639,0.07357813,0.24010238,-0.041659296,-0.12261171
20180831-GOPR0522.jpg,0.10169176,0.15641867,0.020688977,-0.16784479,0.061682127,0.055340298,0.011982048,0.25985083,-0.14821696,-0.29614246,-0.1224022,-0.07384249,-0.059172336,0.093719244,0.19394067,-0.16760145,-0.0075865593,0.0011106259,0.15922973,0.08249209,-0.08388385,-0.033547364,-0.106600225,0.21527456,-0.22451769,0.11773785,0.181588,-0.2579774,-0.016095165,0.07857297
20180831-GOPR0528.jpg,-0.016327042,-0.019251876,0.012951767,-0.1383578,0.18604495,0.0772825,0.017292108,0.14857148,-0.104952306,-0.092227116,-0.13447782,0.07357801,0.071292706,-0.13976324,0.11080344,-0.013443351,-0.13291673,-0.09189768,0.1222046,0.31923008,-0.010737226,0.044495314,-0.31573132,0.19660015,-0.11986072,-0.0033600673,-0.071293116,0.020893576,0.083363466,-0.039296985
20180831-GOPR0550.jpg,-0.094404146,0.004719905,-0.00010909571,-0.043390807,0.013731823,0.019702008,0.01418004,-0.01086643,-0.053073954,-0.10128782,-0.0036204816,-0.024591472,-0.04963816,-0.01894748,0.08905679,-0.10931772,-0.0004919898,0.016219765,0.05475133,-0.018846458,0.0039569708,0.04667057,-0.03004713,-0.049450036,-0.1161753,0.030771859,0.039327253,-0.03503568,0.0156751,-0.011309178
20180831-GOPR0559.jpg,-0.09874323,0.053592812,0.048992526,-0.09947826,0.07434631,0.03568191,-0.06352449,-0.006361633,-0.018505562,-0.18650909,0.012839543,-0.062631026,-0.006239729,0.033242337,0.0052380483,-0.120966524,-0.005415215,0.033770703,0.08877564,-0.06818505,0.0054684347,0.08217477,-0.08112333,-0.016732004,-0.11971517,0.08403522,0.07758963,-0.059196442,0.007790287,0.015699321
20180831-GOPR0589.jpg,0.011966739,0.039443307,0.0048190374,0.16230085,0.015907383,0.008463427,0.039742295,0.051619444,-0.16213357,-0.012551375,0.067329146,0.02741864,-0.08443838,-0.055334277,0.016485045,-0.10602004,-0.008240852,-0.004217656,0.070162214,-0.03532828,0.06491318,-0.0057972474,0.08088157,0.0025173295,-0.088713236,-0.018062543,-0.033545926,0.03393293,-0.04320454,0.02781917
20180831-GOPR0593.jpg,-0.08742596,-0.03822806,0.09104665,-0.11847831,0.10086251,0.04873425,0.022351034,0.008096501,-0.09126474,-0.09801066,-0.046383526,0.053171873,-0.026813861,-0.022384005,0.10948004,-0.14003979,-0.061295155,-0.08772136,0.01885298,0.10898791,-0.022654967,-0.00678302,-0.09618418,-0.015065186,-0.17505132,0.015386442,-0.024469085,-0.04339918,0.056626078,0.021979313
20180831-GOPR0610.jpg,-0.13317482,0.04073623,0.008723677,-0.025822718,0.05412357,0.058559652,-0.034926362,0.0072026486,-0.07467994,-0.060838934,-0.023316212,0.061369613,-0.02962533,-0.029729353,0.088497,-0.16856697,0.011269083,-0.0934677,0.01233077,-0.019474288,0.06611238,-0.0071548996,-0.025654232,-0.061353758,-0.19678506,0.024286218,0.051469494,0.007806112,0.063277565,0.041998934
20180831-GOPR0669.jpg,-0.03029871,0.07429243,0.08246763,-0.123595454,0.09652808,0.102524884,0.030695276,0.105351515,-0.12654646,-0.24845754,-0.043834947,-0.01203124,-0.08686423,0.017474059,0.06260346,-0.18687041,0.052454725,-0.060174175,0.08475539,-0.07372558,-0.019236688,0.01908761,-0.11295874,0.038535096,-0.17967679,-0.0075914455,0.2103927,-0.086372025,-0.0060844747,0.083352104
20180831-GOPR0687.jpg,0.01558487,-0.059533674,-0.008774234,0.070036344,0.0103434,-0.06314271,0.02229541,0.024755128,-0.11647273,0.016142866,0.027670356,-0.044049434,-0.044831067,-0.1330664,0.058089,-0.17287944,0.04410568,-0.19487983,0.071043335,-0.096767016,0.07171954,0.05729477,-0.13314024,-0.13184237,0.0079784375,-0.0393201,0.065651394,0.005250331,-0.012303641,0.0069114314
20180831-GOPR0747.jpg,-0.09157627,-0.014654299,-0.048836086,0.13858064,0.04677499,0.08555006,0.060130734,-0.0030173042,-0.08755998,0.014042218,0.10763161,0.019411312,-0.044132058,-0.09881416,0.06689747,-0.10565315,0.03169516,-0.03704984,0.008860482,-0.09888493,0.08540257,0.037405364,0.0010673078,0.022018453,-0.11535916,-0.020023188,0.020361003,0.032571446,-0.044536646,0.08585464
20180831-GOPR0775.jpg,-0.12586792,-0.014545969,-0.073714964,-0.034348022,-0.0015921642,0.039340705,0.07461526,-0.007458716,-0.01283242,0.006401547,0.019717528,-0.09322953,0.027592858,-0.043645196,0.048380606,-0.0513941,0.027598778,0.019956319,0.010006931,-0.0684249,0.028340803,0.030965518,-0.021686994,0.021733416,-0.025549963,-0.0025682936,0.004604484,-0.00038491702,-0.04549405,0.027144076
20180901-GOPR0795.jpg,0.3847695,-0.27101982,0.07887043,-0.0752834,0.4232175,-0.18635514,0.26649463,0.039575793,-0.21741736,-0.028995175,0.16213134,-0.10541097,-0.07421665,-0.18869619,0.06763057,-0.3506366,0.17625433,-0.28024963,0.28736535,0.19698788,-0.29270533,-0.10345584,-0.19592808,-0.035462584,0.3521062,-0.02518263,0.17608532,0.28844944,-0.0867883,0.13243498
20180901-GOPR0854.jpg,-0.12199994,-0.05316483,-0.024830433,0.0205627,-0.018122252,0.02813508,-0.00609175,0.03656119,0.022823846,0.03114273,0.10179569,0.0007690148,-0.013756798,-0.0074737933,0.032012258,-0.038002405,0.12526768,0.0054227943,0.038078684,-0.07681807,0.017475978,0.032552417,-0.029528726,-0.030274345,-0.14240512,-0.012449085,0.04667634,-0.017696345,-0.05121114,0.025330007
20180902-20180902-DSC03657.jpg,-0.18800285,-0.027469506,-0.059681382,-0.013367666,0.012239282,0.033147864,0.072283864,0.027019562,-0.022449164,0.09158446,-0.0090894,-0.04951039,-0.04062616,-0.032532815,-0.00088746694,0.015272195,0.051707312,0.034816477,-0.0017001968,-0.036615655,0.00012988364,-0.008829199,0.036458198,0.05799602,-0.015206034,-0.03435763,-0.020207366,0.03368668,0.031024627,-0.05365001
20180902-DSC03484.jpg,-0.19387117,-0.017715678,-0.008944014,-0.035364278,0.007790787,0.052202467,0.0058843484,0.00023847335,-0.004245401,0.05687955,-0.051541205,0.031087216,0.030577324,-0.007955439,-0.0020657796,-0.00908548,0.03032212,-0.022073328,-0.014788632,-0.01376994,-0.008979625,-0.06242833,-0.037698176,0.0063707717,0.01075829,-0.05681621,-0.034675185,0.021044675,0.03567401,-0.02342406
20180902-DSC03506.jpg,-0.19247128,0.05488958,0.005833863,-0.05056234,0.016190467,0.09573673,0.07933326,-0.0018057318,-0.02963659,-0.023384895,-0.010153485,0.009604206,-0.010496216,-0.031101335,0.0357272,-0.03746911,0.07316,0.007248886,-0.034650654,-0.025311429,-0.015669473,-0.013114423,-0.034880783,0.02246145,-0.15895261,-0.018921742,0.012145233,0.009129855,0.0142616425,-0.03148511
20180902-DSC03512.jpg,-0.20575905,-0.009032492,-0.034174126,-0.04164431,-0.006933883,0.056476966,0.03657069,-0.0042693648,0.0036159644,0.031668317,-0.019377718,0.016698398,0.019270865,-0.0039795525,-0.0011756106,-0.02853772,0.05924922,0.018145144,-0.023548169,-0.03279874,-0.014102389,-0.033417985,-0.016841313,0.03085329,-0.057084072,-0.028294813,-0.01600216,0.02074741,-0.00031551224,-0.021054607
20180902-DSC03633.jpg,-0.17925498,-0.005497505,-0.06313679,-0.055347867,0.0035379368,0.084507585,0.1686722,0.080533095,-0.0049076197,0.10356577,0.036834575,-0.068477064,-0.13590561,-0.06691764,-0.11372834,0.076253444,0.22071394,0.04160139,-0.04259253,-0.15654503,0.0019396357,-0.015314629,0.040731777,0.16332664,-0.1405773,-0.0751678,0.075533055,0.23398475,0.061316285,-0.15011646
20180902-DSC03635.jpg,-0.1522045,-0.064933345,-0.10023791,-0.055949837,0.0044871704,0.03610731,0.14773686,0.055134054,-0.004667399,0.088035315,0.008438552,-0.10801252,-0.035733134,-0.041098285,0.041470576,0.05823157,0.07236823,0.021035085,0.008411774,-0.001971561,0.026145307,0.061025612,-0.028066423,0.042269822,-0.019626848,-0.033900674,-0.02596664,0.022968266,0.0011972325,-0.058897138
20180902-DSC03657.jpg,-0.16777025,-0.023110108,-0.05263399,-0.06298275,0.0020060376,0.07200391,0.123619765,0.05982591,-0.0044259713,0.10915752,0.017706057,-0.08913829,-0.08654438,-0.06308442,-0.087143384,0.07638458,0.19593856,0.024574213,-0.049388934,-0.11501153,-0.00492906,-0.023583218,0.049823254,0.13182321,-0.1056884,-0.08728087,0.034761094,0.19638583,0.053902015,-0.10011777
20180902-DSC03681.jpg,-0.14742647,-0.02908773,-0.074466646,-0.02267794,-0.019047642,0.032950085,0.117813006,0.030335654,-0.028057076,0.049102638,0.022628058,-0.015278383,-0.052964933,-0.021858798,0.03996997,-0.0054882905,0.04113644,0.049074043,-0.033405814,-0.060183108,0.0133313695,0.07272662,0.027766034,0.063805655,-0.049065776,-0.009231762,0.04165994,0.02680731,0.012035249,-0.05759075
20180902-GOPR0969.jpg,-0.14671777,0.0041201487,0.0048284023,-0.08449424,0.07363156,0.06868031,0.06964585,-0.00092810346,-0.051596493,-0.01500707,-0.020681117,0.0126616275,-0.01669821,-0.023073398,0.08521039,-0.09816911,-0.0049354695,-0.003434562,0.041616257,0.02194073,0.016567701,0.0039071497,-0.03252393,0.004199296,-0.12053796,0.0281263,0.006091625,-0.007996361,0.0314109,0.035583023
20180902-IMG_4613.jpg,-0.14953806,-0.026517259,-0.06088539,-0.10913819,-0.06658086,0.04323128,0.044386283,0.018858721,0.080574684,-0.028359735,-0.03414402,-0.024703344,0.06272764,0.064875044,-0.019804578,0.019687155,0.07915711,0.07171248,0.007909006,-0.077012375,-0.0529014,-0.02897698,-0.00979158,0.041887544,-0.027223602,-0.016176773,-0.014507515,-0.038442817,-0.038557943,-0.020068876
20180902-IMG_4614.jpg,-0.16776535,-0.02990795,-0.048590034,-0.09385717,-0.061071,0.039846443,0.04967994,0.011834118,0.073169,0.0022469154,-0.038062762,-0.02957839,0.04500044,0.043143354,-0.026247108,0.018587468,0.077297956,0.060287077,0.0022769384,-0.06756812,-0.05702859,-0.046488106,-0.009679708,0.04069582,-0.012598414,-0.0295663,-0.016999789,-0.029007133,-0.02448637,-0.011564444
20180903-DSC03714.jpg,-0.20916174,-0.044299517,-0.03747873,-0.058694426,-0.009756633,0.04302946,0.055069312,0.02071226,0.04988346,0.017537443,-0.030303061,-0.037115965,0.061325822,0.011071086,-0.006004054,0.03199987,0.07447262,0.03710367,-0.024662245,-0.024633307,-0.03339566,-0.008662292,-0.065805584,0.039426148,-0.048568554,-0.043001343,-0.046753462,0.004929832,-0.015781512,-0.035810143
20180903-DSC03729.jpg,-0.206159,-0.023000855,-0.043110743,-0.05458398,0.053557336,0.042673938,0.066367775,0.020228831,-0.022447234,0.047236305,-0.02232949,-0.05503527,-0.009103186,-0.01982172,0.016280236,0.032580487,0.023266368,0.025561484,0.0028372041,-0.025677599,0.01293394,-0.003789395,-0.039132603,0.012967534,-0.015805986,-0.025166914,-0.023074048,-0.007317623,0.024256835,-0.03358071
20180903-DSC03733.jpg,-0.16054325,-0.047262583,-0.07676297,-0.043466024,0.0071897157,0.03342924,0.079754256,0.0075127147,-0.011891901,0.07637886,-0.008823033,-0.050218772,-0.024472246,-0.0256407,0.015544813,0.03250791,0.05875154,0.021659609,0.0063991607,-0.025641853,0.011911227,0.010814838,0.0012836058,0.009584341,-0.018777102,-0.036602452,-0.015397562,0.04020632,0.019931134,-0.031224873
20181015-DSC04033.jpg,0.34640917,-0.05898066,-0.29406288,-0.23260963,-0.24259366,-0.02591457,0.2698215,0.15482628,0.13219039,-0.13011749,0.12030693,-0.13249773,0.24166988,-0.16929385,0.5472582,0.07978325,-0.0019502363,-0.19259071,-0.2771793,0.028837824,0.17848614,0.19483548,0.17944361,-0.13179675,0.02094853,-0.018984957,-0.09072238,0.016534902,0.04800881,-0.034114145
20181015-DSC04040.jpg,0.43935138,-0.08247027,-0.2862899,-0.32201052,-0.15390283,0.06456067,0.06034916,0.44970533,0.22445971,-0.03829758,0.1254711,-0.22955789,0.28527883,-0.1292337,0.48831785,0.050474845,0.028087629,-0.08282083,-0.094372734,0.14072199,0.023343403,0.021843536,0.24401148,-0.15529352,0.070836425,0.32296893,0.06644287,-0.039258767,0.12162808,-0.18190241
20181225-DSC04177.jpg,-0.008045769,0.009018335,-0.01825174,0.034516707,0.008777626,-0.08979945,-0.13720489,-0.14323248,0.028665343,0.055771716,0.0039510913,-0.03899983,0.008477133,-0.026773416,0.03810519,0.0022949432,-0.05543448,0.058720853,0.0027316334,0.012463473,0.014857881,-0.10613974,0.052505516,0.07371096,-0.062281914,0.015032367,-0.030725777,-0.008533396,-0.040694114,0.015551457
20181225-DSC04201.jpg,-0.06215014,-0.039852668,0.042581063,-0.06891342,0.08007504,0.054552242,-0.13996382,0.10790436,0.10096568,-0.0016173342,0.10866111,0.08994572,-0.031127647,0.078877404,-0.045679383,-0.021386582,0.078239374,-0.012793867,-0.04003872,-0.11270852,0.08681588,0.00010939594,-0.019581279,-0.11959637,-0.051414713,0.036181323,0.042750314,0.06315021,-0.012546934,0.0024111099
20181225-DSC04214.jpg,-0.13672131,-0.034757834,0.021012852,-0.072590366,0.062322274,0.042009227,0.11554198,0.03862421,0.055083007,2.1527521e-05,0.029425487,-0.057726324,-0.022533052,-0.07216827,0.0010832018,0.05119835,0.14610772,-0.011869203,-0.05349389,-0.13039267,0.016384209,0.08917362,-0.046897314,-0.15587252,-0.0892708,-0.042699274,0.13282153,0.011092205,0.056604534,0.054748036
20190112-DSC04345.jpg,-0.15517566,-0.041035935,-0.058092017,0.010268556,0.00023654534,-8.043367e-06,0.026284363,-0.00022028858,0.002930933,0.085758485,-0.0019643959,-0.087947205,-0.06867219,-0.047283746,0.016308075,0.04987798,0.09577557,0.01285085,0.0044330154,-0.06284852,0.06620698,-0.03055388,-0.016146302,0.04250219,-0.04579506,-0.018759273,-0.033685673,0.07093555,-0.01578005,-0.034241695
20190112-DSC04359.jpg,-0.15844235,-0.03156465,-0.064090304,-0.026693054,-0.023194794,0.019374233,0.027544683,0.0030566675,0.031029545,0.07067609,-0.014786384,-0.08849097,-0.030877069,-0.03635567,0.023895819,0.058728337,0.08251324,0.0093349125,-0.0187136,-0.068265304,0.052552775,-0.03671788,-0.02038221,0.028467044,-0.032207996,-0.023713341,-0.026544245,0.057377886,-0.0015986767,-0.03568645
20190112-DSC04374.jpg,-0.18782681,-0.031360567,-0.032922454,-0.028664019,0.007307325,0.024421321,0.058178514,0.0006725271,0.0090020895,0.06452045,0.004667987,-0.0418074,-0.02213157,-0.011491657,0.008856049,0.021501552,0.060549926,0.043756112,-0.01648775,-0.042393833,0.02640168,-0.01591821,-0.04016962,0.012204761,-0.064107955,-0.032346442,-0.05523373,0.047685467,-0.010061464,-0.030934086
20190422-DSC04751.jpg,0.31055352,0.74136794,0.2958845,0.22877318,0.045576867,0.3179841,0.5822797,-0.15325561,-0.18179776,0.22956671,0.45250413,0.4871074,0.56367975,-0.51363766,-0.07643703,0.25236884,-0.11323262,0.008036393,0.34339324,0.029783186,0.010521148,0.010074846,-0.17569214,-0.09637948,-0.0552885,0.16693933,-0.1412953,-0.13349871,-0.05909449,-0.2367056
20190422-DSC04760.jpg,0.05832068,0.07836295,0.0036239265,0.4092318,0.07343558,0.17015815,0.08863225,-0.09539157,-0.10529868,0.020195499,0.24629083,0.1946083,0.05520771,-0.13531654,0.07218255,-0.036012392,-0.15647133,0.002380412,-0.054429516,-0.043493796,0.04063647,-0.0056795026,0.29447716,0.118689425,-0.29805085,0.01832868,0.15718372,0.14985022,-0.20271309,0.23062567
20190422-DSC04799.jpg,-0.06076148,-0.08262143,-0.019398827,0.121663384,-0.047508616,-0.014851691,-0.183738,-0.04681622,0.099842675,0.06379242,0.16538365,-0.068461224,0.16723073,0.082060434,-0.045550246,0.037661422,-0.112570636,0.013340741,-0.019783646,0.027609244,0.046543635,0.14682351,-0.028992958,0.055954084,0.052689552,0.058687307,0.019966751,0.083998114,-0.075053215,-0.031458788
20190423-DSC05082.jpg,0.086725704,-0.054274227,0.03194512,0.07732757,-0.14089236,-0.068555005,-0.23396836,-0.15202306,0.019010026,0.019336298,0.18632638,-0.23126733,-0.10671459,-0.15522495,-0.07509465,0.023005396,-0.12593938,0.07094291,-0.07928652,0.12650631,0.00084805256,0.048832063,-0.0779265,-0.009565651,-0.15976395,0.0006617098,-0.07042872,-0.11629941,0.074655965,-0.021691978
20190423-DSC05096.jpg,0.050376244,0.13270068,0.04903624,-0.045486365,-0.011215717,-0.090588,-0.05184809,0.0042377356,-0.0054734168,-0.1523466,0.058812164,-0.30560058,-0.13359797,-0.15592538,-0.122507155,0.05774937,-0.08276109,-0.02232093,-0.056864105,0.06400031,-0.023836942,-0.020743042,-0.029723214,-0.05041997,-0.1163555,-0.009988841,-0.1661005,-0.14203994,-0.024893235,0.018416248
20190423-DSC05160.jpg,0.027780691,0.04852924,0.03877514,-0.11226076,-0.06772228,0.0051734634,0.041429494,-0.034489475,0.045714956,-0.08519138,0.023037815,0.12406962,0.11039141,-0.024609158,-0.026950175,0.021343792,0.1002558,0.014980051,-0.068796985,0.07743448,-0.27446097,0.07164755,0.054365072,-0.0036189973,0.012067234,-0.13772482,0.23228136,-0.24588452,-0.21887067,0.19827585
20190423-DSC05185.jpg,0.151904,0.117269196,0.043978997,0.16609219,-0.109453514,-0.14048257,-0.047884658,0.18278137,0.12252013,0.025576368,-0.043200422,0.091894984,0.1653023,-0.1570327,-0.1239983,0.008496752,0.09308593,0.020764241,0.055096216,0.072660826,-0.19447453,-0.13257028,0.06460192,-0.009805301,0.27220422,-0.07951982,0.21866843,-0.11139172,-0.36659214,0.10042877
20190425-DSC05686.jpg,-0.1559991,0.024414117,-0.025058048,0.06556154,0.026382247,0.046283945,-0.0048124865,-0.026829816,-0.0298235,0.059925478,0.0022386236,0.05149471,0.082172595,-0.017138181,-0.019976616,0.00050217763,-0.01791954,-0.037791237,-0.005132181,-0.013514602,0.055383317,-0.03689822,0.008257711,0.012316968,0.013036843,-0.03644961,-0.020194676,0.056227487,0.03358275,0.030212935
20190713-DSC05725.jpg,0.12446117,-0.09358194,-0.11971854,0.20796658,0.035108343,-0.15285791,0.13514124,0.15572104,-0.0546264,-0.0038261004,-0.0014950176,-0.057489425,0.047657866,0.050302826,-0.035077386,0.1463855,-0.11044166,-0.15427649,0.04864352,-0.15345143,0.2401788,0.23517865,-0.03918664,0.3354873,0.32402828,-0.29480544,0.10075328,-0.051021747,-0.00056938967,0.01703767
20190713-DSC05727.jpg,0.029665224,-0.044065088,-0.1035162,0.21300153,-0.027907386,-0.09430966,0.08110388,0.112619914,-0.116118416,0.031193465,0.007600325,-0.0837076,0.010642678,0.05472767,-0.083197355,0.11384073,-0.06423949,0.0044914745,-0.034466427,-0.068364695,0.16151649,0.07906386,0.13735461,0.22963879,0.15777044,-0.10333231,0.039031144,0.0040755705,0.013772297,0.028550245
20190713-DSC05728.jpg,-0.106378876,-0.058054127,-0.039903346,0.025506316,-0.049888853,0.0059185238,-0.10285602,-0.045782965,0.09313981,0.004013485,0.05943245,-0.081643075,0.11049462,0.045140024,-0.054857496,-9.956687e-05,-0.022208145,0.0055314507,-0.004057461,-0.045130514,-0.03814909,0.060878687,-0.060346674,0.044861116,0.053844787,0.0415275,0.021099275,0.04535557,-0.022216117,-0.023834744
20190804-DSC06087.jpg,0.11229446,-0.08231601,0.0006731682,0.081767075,-0.036365665,-0.20188503,-0.062371057,-0.10607379,0.052082963,0.07432443,0.04896177,-0.1494906,-0.07180538,-0.089878716,-0.001940574,-0.079467736,0.13592936,-0.085437365,0.15825936,-0.13624431,0.0021362891,0.030706713,-0.2447831,-0.16580531,0.06609178,-0.075559385,0.045183834,0.0842601,0.052634798,0.12913176
20190804-DSC06089.jpg,-0.2010566,-0.05613983,0.023258187,-0.014201373,-0.006082241,0.038206346,-0.024010532,0.0036815,0.01726268,0.04334693,-0.00059790653,0.00079730933,0.09584891,0.004057863,0.013770762,-0.0082279425,0.021201279,-0.005606143,0.012091625,-0.026678696,-0.028512701,-0.05722144,-0.029128518,-0.0016507145,0.07896415,-0.040456086,0.009824525,-0.007000921,-0.03555183,-0.021244666
20190804-DSC06090.jpg,-0.15822482,-0.042208686,-0.049081445,0.006213119,-0.003869704,0.017160743,-0.004622028,0.0021395404,-0.006900958,0.03718033,-0.008561211,-0.013027004,0.06335924,0.0034630615,-0.0036431388,0.010341175,0.00929582,-0.013358229,0.011710655,-0.0069692163,-0.021996766,-0.015285667,-0.010711146,0.04016749,0.062735155,-0.02292118,0.022806035,0.029193064,-0.027970016,-0.009009759
20190804-DSC06092.jpg,-0.15809734,-0.056790985,-0.042438786,-0.032664783,0.019364426,-0.010787138,0.032226674,-0.0011302559,0.007277262,0.053927843,-0.004049689,-0.063612826,-0.01243653,-0.024294129,0.020429455,0.031750757,0.0072018607,0.021311197,0.002980941,0.022354018,-0.010808065,-0.004919336,-0.057382315,-0.011085396,0.014841085,-0.029731095,-0.06201228,-0.021495722,-0.0016388923,-0.043315884
20190804-DSC06099.jpg,-0.14862515,-0.06749532,-0.046267595,-0.0059708944,-0.037761744,0.034199852,-0.06523903,-0.025646409,0.052827857,0.016714532,0.050719637,-0.028655859,0.10398648,0.03729703,-0.019173404,-0.020718923,0.00087698677,0.011237269,0.008912431,-0.03613257,-0.04596337,0.02780919,-0.04833273,0.0021901103,0.024838865,0.049255002,0.04047615,0.0654435,-0.011197191,-0.015029976
20190804-DSC06103.jpg,0.012020472,0.13490969,0.014934454,0.1329438,0.024281379,0.09202094,0.09890384,-0.07460106,-0.010325076,0.20676604,0.06519855,0.026298238,0.07341968,-0.01623059,-0.014217915,0.0013450868,-0.017551132,0.011091437,0.042772055,0.031800747,0.023329366,0.02708001,0.01083152,0.04554205,-0.045375675,-0.01812152,-0.008299163,-0.031974543,-0.04617884,0.04102273
20190824-DSC06269.jpg,-0.1278981,-0.016063927,0.016422542,-0.105777,-0.0032391022,0.035151932,-0.0949632,0.017553743,0.086991966,-0.034712434,-0.045766886,0.028895233,0.20012279,0.10568099,0.0405142,-0.07114006,-0.030555757,0.12254364,0.0073122894,-0.081704624,-0.026545644,-0.021935808,-0.026700534,0.0036430957,-0.036506154,0.013655823,0.027945375,-0.12460272,-0.17386924,0.043639094
20190824-DSC06287.jpg,-0.132465,-0.024794294,0.00044812539,0.0017040774,0.007866903,-0.024319978,-0.082790405,-0.035409145,0.034945015,0.019556325,-0.004748618,-0.018646203,0.086528555,0.027827557,0.021075461,-0.019197209,-0.0055443253,0.07138919,0.026945787,-0.008028425,0.011461322,-0.0057312734,-0.034974616,-0.0390979,0.0030887418,-0.0356127,-0.021725943,-0.04161096,-0.0792344,-0.008813046
20190824-DSC06300.jpg,-0.15963921,-0.026475873,-0.008233729,-0.0029694217,0.011484729,0.018011516,-0.047006253,-0.02206105,0.014447007,0.02998681,-0.03777205,0.032353994,0.06250716,0.034858134,0.02614851,-0.047618736,0.026470002,0.01215816,-0.023055172,-0.03332433,0.030219395,-0.023850597,-0.01901645,-0.051938817,0.02997209,-0.02243492,0.031170906,-0.044782612,-0.011930348,-0.01594713
20190824-DSC06318.jpg,-0.14157912,-0.019792615,0.002493728,0.014069397,0.0055124275,0.00072809134,-0.029950753,-0.006972683,0.04413008,-0.002254718,-0.042180326,0.03375845,0.10178547,-0.011457931,-0.057483647,-0.016399272,0.024268389,-0.0612769,-0.033732217,-0.0099572865,-0.035400003,-0.063034646,-0.021014215,-0.020532764,0.060020924,-0.062156245,0.00029787858,-0.014875513,-0.036739524,0.058064416
20190824-DSC06325.jpg,-0.1584631,-0.029065989,-0.009901439,-0.0006614584,-0.03245377,-0.0018828457,-0.06649251,-0.02134578,0.011866665,0.0382853,0.014321869,0.020578641,0.03904627,0.023423573,0.0032560145,-0.010745047,0.0037088504,0.018747399,0.011419815,0.019182758,-0.03757262,-0.03780147,0.010847962,-0.058025,0.02538125,-0.047101077,-0.006371709,0.019357719,0.031248838,0.038102806
20190824-DSC06345.jpg,-0.13842136,0.0043383134,-0.0019835667,-0.0011921565,0.022189917,0.036668092,0.014283622,-0.010777384,-0.002309934,0.02940011,-0.01594371,0.07098944,0.03144233,-0.0039609415,0.031766996,-0.029814618,-0.0058306935,0.017024063,-0.0156042995,0.035955258,-0.037551966,0.026031567,0.011902032,-0.021680923,0.022118669,-0.04687703,0.024168415,-0.03342813,0.00025826308,0.026036555
20191228-DSC06364.jpg,0.038333435,-0.00943619,0.100733906,0.015390821,-0.008090965,-0.074665725,0.035517666,-0.011366422,0.020537874,0.00028295454,-0.008816836,0.12610154,-0.1248291,0.054419458,-0.0067643924,0.079821035,0.0046494887,0.08438327,0.025994688,0.01794819,-0.055202078,0.07006844,-0.03021643,-0.14597535,-0.011504784,-0.021153465,-0.15642905,0.004674861,-0.0030982608,0.030681519
20191229-DSC06365.jpg,0.2797661,-0.89296263,1.6080654,-0.104494534,-0.7021162,0.45693722,0.0026179892,0.03107363,-0.35402855,0.061512966,-0.090553164,-0.07226203,-0.07235764,0.037703626,0.14097801,0.117073365,-0.06562075,-0.11848666,0.034299757,-0.13963254,0.006759761,0.00095747877,0.086013496,0.04450694,0.037819777,-0.027964706,-0.051850334,-0.0073476033,-0.028404275,-0.06472974
20191229-DSC06369.jpg,0.0023410628,-0.18990652,0.22923395,-0.056398213,0.006878775,-0.030836523,0.025441973,0.026265033,0.08160936,0.03144395,0.06927271,-0.03346766,0.09514031,0.057409678,0.093853,-0.13779652,0.00629723,0.07690268,0.047456883,-0.039265245,0.048438925,-0.06858323,0.09411608,0.022360167,0.080981076,0.08819578,0.0399377,-0.012021828,-0.018733824,0.14268206
20191229-DSC06399.jpg,0.036622826,-0.1916582,0.12677906,0.052849256,-0.020428497,-0.1296911,0.110449605,-0.075836085,0.10155249,0.05670305,0.15139543,-0.14015347,-0.032117683,-0.039540287,-0.07131177,-0.02691189,-0.0053942716,0.21277387,0.050665826,0.05397874,-0.014089889,0.18719839,-0.15588655,0.054289486,-0.15394479,0.06274556,-0.07258611,0.15490872,0.017638879,0.05456142
20191231-DSC06485.jpg,-0.09004293,-0.030773733,0.074661225,-0.13588208,0.0491051,-0.0114371255,0.017542105,-0.010704627,0.16175595,-0.011443986,-0.0547418,-0.03456928,0.19757317,0.13183117,0.1606786,-0.1407713,0.039472196,0.27263024,0.06710576,-0.09380816,0.12754744,-0.14290725,0.11724498,-0.030046798,0.006332866,0.11765509,0.041688748,-0.21660519,-0.22023198,0.080425985
20191231-DSC06489.jpg,-0.11031785,-0.041646514,0.052482855,-0.09711939,0.06197699,-0.011077973,0.034093335,-0.027192384,0.12516958,0.019685049,-0.05912979,0.005207583,0.14020911,0.10059991,0.13246599,-0.13746269,0.03481742,0.22677794,0.044863604,-0.116445534,0.11344778,-0.12526675,0.12047629,-0.07554465,0.010762382,0.11031671,0.048634015,-0.1960567,-0.18719839,0.06279688
20200101-DSC06559.jpg,-0.101204544,-0.057487663,0.0339178,-0.19861628,-0.02623158,0.030710151,0.071955435,0.09771357,0.038854826,-0.06760936,-0.0909722,-0.0928785,0.025781112,-0.08768328,-0.051778693,0.13515829,0.041463185,0.027261702,-0.114561714,0.06147508,-0.11540436,-0.0957251,-0.07945642,0.070834376,-0.012666709,-0.05132856,-0.17542017,-0.058070228,-0.075676434,-0.017642904
20200101-DSC06560.jpg,-0.14762743,0.026516452,0.06989287,-0.12321677,0.012441733,0.04632289,0.061106503,0.041839574,0.057000205,-0.09189019,-0.05337177,-0.078644775,0.0060590548,-0.031416237,-0.016518308,0.073492125,0.05307283,0.031438828,-0.084426776,0.025737686,-0.14030169,-0.021736838,-0.058833096,0.03413002,-0.033317726,-0.015064299,-0.048620306,-0.09991403,-0.023239557,0.020370651
20200101-DSC06606.jpg,-0.11691288,0.03218957,0.0062804837,-0.011423707,0.056252565,-0.019133743,-0.018005075,0.04744464,-0.052976076,-0.031091971,-0.029010106,0.006868315,-0.08238751,-0.002297384,-0.029009804,-0.05862698,-0.041917525,-0.0002767765,0.029221276,-0.02921408,-0.023869615,-0.0043164636,0.09244228,0.048788972,0.046995245,0.041508406,0.029694157,-0.10694943,0.0033103607,-0.07100399
Allen.jpg,-0.09008257,-0.00040421728,-0.048855193,0.030471468,-0.01572212,-0.049580917,0.017281309,-0.004186836,-0.07530422,0.09476916,-0.014030527,0.04045242,-0.12752523,-0.030119693,0.04089645,-0.031989206,-0.08325436,0.06327169,0.051079392,0.08821885,-0.01472312,0.0063402145,0.11446409,0.003099183,0.08608711,-0.0021585827,-0.09720388,-0.07271107,0.028407577,-0.04359581
Aria.jpg,-0.088198796,-0.018060638,-0.02343609,-0.0073531773,0.086708404,-0.003142484,0.100621395,0.046972618,-0.119004704,0.05252706,-0.053636212,0.07508787,-0.1369496,0.018125014,0.062884875,-0.06398436,-0.080676466,0.041783392,0.09538346,0.05028575,-0.011917185,0.05508592,0.022815961,-0.04739301,0.0362417,-0.010098491,-0.023545835,0.018077593,0.011288624,0.044008516
China.jpg,-0.08168058,-0.04227572,-0.013648829,0.03978905,-0.030320382,0.008244849,-0.14434798,0.01691115,0.04388659,0.0360519,0.105258465,0.010418414,0.005404588,0.0026881744,-0.041161265,-0.01190203,0.03618539,0.028137907,-0.008885263,-0.02136177,0.07186264,-0.019430375,0.019796256,-0.0749166,-0.01422061,0.00066956645,-0.0022288596,0.019138332,-0.0048784525,0.04646318
DSC04508.jpg,-0.17430606,0.037274983,0.04031887,0.042641822,0.16757047,0.052771743,0.04475128,-0.011692263,-0.11122785,0.098947085,-0.093378104,0.15494871,-0.20148017,0.036296587,0.019812323,-0.13362212,-0.12940888,-0.13392511,-0.115257464,-0.1742335,0.3008814,0.17686394,0.023105368,-0.15951438,0.21210523,0.17394951,0.45096695,-0.27554068,0.2605138,-0.28282225
DSC04518.jpg,-0.16448998,0.018434979,0.037709918,-0.028656961,0.1069236,-0.005685621,-0.008975279,0.08136415,-0.025408035,0.021206437,-0.073673055,0.042679355,-0.059456266,0.014160609,-0.029380046,0.01784249,-0.029067082,-0.10517596,-0.026460748,-0.04986606,0.081761874,-0.069882154,-0.052716512,-0.044528954,0.04993696,0.0366934,0.06361447,-0.012588457,0.039039418,-0.09687674
DSC04555.jpg,-0.13353384,0.053063147,0.009397961,0.03713304,0.10423431,0.018851759,-0.029315086,0.0602665,-0.075731434,0.10332677,-0.06276032,0.06666183,-0.07575755,-0.028931756,-0.0010485556,-0.051533863,-0.07843064,-0.12663914,-0.041648753,-0.043647356,0.18161492,-0.04547137,-0.02623622,-0.041328166,0.05069749,0.012710538,0.09057091,-0.020871669,0.04167729,-0.09875143
DSC04743.jpg,-0.076807,0.122429855,0.106393844,-0.1359663,0.18778694,-0.037457973,0.17263703,0.073747754,0.026704727,-0.007012778,-0.07913142,-0.12990245,-0.08566565,-0.12759407,-0.15829493,0.35724908,-0.05659465,-0.03756267,-0.1050644,-0.015880609,-0.00046909833,-0.06230815,-0.05507186,-0.010417022,0.06385993,0.083797134,0.029370189,-0.06191764,-0.008448436,0.08510955
DSC04824.jpg,-0.0689869,-0.02552341,0.06809612,0.0026032827,0.052460425,-0.03864279,-0.030420037,0.013840086,-0.014123101,-0.023428427,-0.011032015,0.015855663,-0.061737973,-0.03185961,-0.02688341,-0.10735792,0.09179003,-0.12930365,0.018150134,-0.17109121,0.1914958,-0.074160665,-0.04947538,-0.14679712,0.055584647,-0.044803653,0.18645167,-0.050536312,0.006322302,-0.06456046
DSC06649.jpg,0.20579943,-0.0060175788,-0.15919173,-0.10400853,-0.23980619,0.023074573,0.056316968,-0.14935362,0.052865338,-0.04394884,-0.027699903,0.12008123,-0.064664684,-0.11474194,0.10982334,-0.0195527,0.015332297,-0.021145502,-0.14388533,-0.020691492,0.04089817,0.008046542,-0.037650734,-0.018733136,0.05494046,-0.07811405,-0.021226458,0.07254829,-0.04476069,0.036286343
DSC06651.jpg,0.099298775,-0.049356572,-0.11129781,-0.07261507,-0.18342948,0.101926476,0.015157396,-0.22572078,-0.041681502,-0.042682227,-0.0592231,0.16000088,-0.12772354,0.03353393,-0.03369698,-0.088332616,-0.05329963,0.16987458,-0.084010705,0.14228009,-0.0051852856,-0.08062967,0.0030739107,0.03442222,0.11740112,0.22633216,-0.019361837,0.1314288,0.25698155,0.13942023
DSC06658.jpg,0.1736426,0.00085897325,-0.27114037,-0.26304117,-0.3985528,0.021786023,0.14257629,-0.24105388,0.0221872,-0.1691207,-0.09288806,0.13821407,0.00494232,0.25026488,-0.13052234,0.11069376,-0.12008527,-0.072601825,0.104293615,-0.05155163,-0.026191989,-0.14749293,-0.04761294,0.058464613,-0.01726695,0.030177802,0.032395102,-0.011696827,0.047963258,-0.11693448
DSC06675.jpg,0.12712552,-0.0023150658,-0.21575624,-0.14200592,-0.39184615,-0.039029893,0.1191924,-0.18568534,0.074226774,-0.13436583,0.016897121,0.13539882,-0.03876992,-0.1473773,-0.07177433,-0.11100647,-0.2634277,0.02120293,-0.15796724,-0.2234112,-0.0782094,-0.02351767,-0.1699337,0.034851503,0.1433022,0.02213348,0.05873977,0.053124133,-0.102520354,-0.03750139
DSC06700.jpg,0.34072566,0.036314912,-0.21324497,-0.23459977,-0.23567486,-0.050439887,0.14643086,-0.0583143,-0.018223843,-0.2036022,0.028048603,0.1655454,-0.20928523,0.03808921,0.12032915,-0.08723575,-0.09027347,0.0073215645,-0.0011762293,-0.23745169,-0.1830131,0.0067770537,-0.15118095,0.0816563,0.10268659,-0.13984944,-0.1584646,-0.044343337,-0.09456229,-0.21577646
DSC06705.jpg,0.11452243,-0.06806567,-0.082497194,-0.05630143,0.010014828,-0.09242475,0.07383523,-0.07273157,0.019334458,0.03364779,-0.005039104,-0.0016665437,-0.14953847,-0.00083992025,-0.010516364,0.0147711625,-0.01599473,0.08931785,0.0023208407,-0.057252105,-0.022283865,0.20854229,-0.1112451,-0.112620495,0.087671526,-0.03346532,-0.0739546,-0.050233644,-0.031095155,0.0091026295
DSC06722.jpg,0.1389025,0.11523907,-0.20666015,-0.22367808,-0.37011904,0.01970386,0.12946826,-0.18422814,0.013074959,-0.104176514,-0.088281125,0.1284178,-0.04348486,0.10952786,-0.15416579,0.0025315613,-0.11065465,-0.08207148,0.011703674,-0.120263375,-0.12632467,-0.24397051,-0.06602565,0.13915125,0.0018108314,0.02243024,0.06727737,0.0034910263,0.023544183,-0.118191525
DSC06729.jpg,0.12984125,-0.09946261,-0.117175564,-0.08327068,-0.2228304,0.13848664,0.04811246,-0.25269857,-0.011836467,-0.046589788,-0.04169613,0.14687218,-0.105424754,0.04611885,-0.07944906,-0.11134236,-0.042230703,0.13013165,-0.083711684,0.11260063,-0.0100021195,-0.08048211,0.010510853,0.042474948,0.10181623,0.26488754,0.019593148,0.13267332,0.21199879,0.12353237
DSC06734.jpg,0.97041374,-0.41944742,0.007599686,-0.7369341,0.8868871,-0.008553625,-0.07166406,-0.45612118,-0.16618824,0.20202918,0.08809031,-0.1287423,0.3018786,-0.025873927,-0.21805006,-0.10909424,0.061218087,-0.09766566,-0.148272,-0.15337552,-0.22822998,-0.06359539,0.34549287,0.15196551,-0.04580115,0.08932977,-0.030688507,0.017398573,0.13798808,-0.10167017
DSC06739.jpg,0.6071482,-0.1882901,-0.017238125,-0.27344567,0.49868897,0.07279506,-0.30416876,-0.14474608,-0.098134995,0.034479756,-0.13655257,0.29572845,0.10004574,0.02993082,-0.13920052,0.038164638,-0.17672701,0.22056814,-0.030865364,-0.29349825,0.26422572,0.25973952,-0.08214993,-0.009925458,-0.17663297,-0.36883104,-0.13369592,-0.17983444,-0.0033818553,0.19572999
DSC06743.jpg,0.21447836,0.025863104,-0.2098154,-0.14684775,-0.3736276,-0.040106,0.050843336,-0.24584593,0.054698337,-0.13554159,0.019189816,0.08737438,-0.09409527,-0.19696885,-0.041738268,-0.12482315,-0.24111508,0.042980548,-0.20149162,-0.19222961,0.0088744,-0.03095237,-0.1125053,0.06092044,0.13061783,0.060034327,0.06012617,0.08087908,-0.09479665,-0.004712766
DSC06746.jpg,-0.058859624,-0.06088975,-0.060916126,-0.11005746,-0.0018183847,0.01419441,0.058764257,0.09064088,0.060023963,0.016090263,-0.026450608,-0.07761222,0.05740157,0.012699953,0.09067861,0.10450181,0.031780988,0.041081548,-0.004671045,0.035716932,0.02784985,0.02359139,-0.022728974,0.030965187,0.016590852,-0.003174067,-0.06987333,-0.0363493,-0.007187602,-0.002317128
DSC06749.jpg,0.15750122,0.17401634,-0.11702916,-0.013640731,-0.25096902,-0.037789032,0.017082492,-0.09915698,-0.1020851,-0.13322799,-0.062480863,0.12568323,-0.051666178,-0.07935062,0.16474658,-0.14476025,-0.073452234,-0.13366453,-0.15846078,0.026237497,0.17562667,-0.21813782,0.15141468,0.07394023,-0.20695862,0.06740626,-0.10832408,0.043356653,-0.008782764,0.20396194
DSC06754.jpg,0.2761478,-0.13149221,-0.27301705,-0.1616793,-0.15415962,0.043077193,0.24765112,0.039995063,0.0076772957,-0.018802615,-0.03237321,-0.040851995,0.07237371,-0.028396642,0.15514138,0.21140678,0.065298565,-0.2306717,-0.10421717,0.059949033,0.19665848,0.120051995,0.13654707,-0.21522078,0.04404136,-0.3768284,-0.11140996,0.0064398316,-0.043932077,0.21949723
DSC06756.jpg,0.08744259,-0.10251975,-0.13394126,-0.016382024,-0.08638847,0.024824508,0.111009836,-0.07461601,-0.010195299,0.026954869,-0.032652903,-0.023383547,-0.007774703,-0.023399992,-0.010939428,0.07064319,0.19848388,-0.080767564,0.012291083,0.036148608,0.089308366,-0.0030479073,0.008532083,-0.072098166,0.012625017,-0.22322121,-0.0039372426,0.0907031,-0.07504085,0.08352075
DSC06771.jpg,0.22186804,-0.0045992816,-0.16054733,-0.08378366,-0.15996209,-0.04796827,-0.025476435,-0.24815266,-0.04183498,0.024008065,0.011048819,0.0071744965,-0.10749626,-0.10860347,0.01055831,-0.09072775,-0.07381213,-0.0978578,-0.0925669,0.008582009,-0.018992582,0.0076782107,-0.11194328,0.106808834,-0.04749802,-0.04550025,-0.013378158,-0.10812662,-0.078852,-0.08662138
DSC06786.jpg,0.27480862,-0.257528,-0.07886157,-0.03692597,-0.13914005,0.19279005,0.33360973,-0.4542268,-0.03851538,0.08050475,-0.0407064,0.1035152,-0.11583231,0.33484668,-0.3957755,-0.09314243,0.48321822,-0.086433776,-0.15025753,0.7438013,0.4641785,0.18267451,-0.0741879,-0.020614795,-0.057961576,0.15828097,0.12713735,-0.15704592,-0.24295494,-0.062999524
DSC07680.jpg,0.19074944,-0.06084332,-0.24359386,-0.14203858,-0.21515954,-0.13314992,-0.02988431,0.024084274,-0.070064545,-0.07604464,-0.06776382,0.036289774,0.09691132,0.40441778,-0.023754824,0.364095,-0.06189243,-0.14497143,0.54439574,-0.004524068,-0.064058945,0.02406079,0.15955055,-0.09923671,-0.19057718,0.016155183,0.114695564,0.047395796,0.027989186,0.06922732
DSC07681.jpg,0.12216097,-0.059662357,-0.26874545,-0.12983394,-0.23849492,-0.08084127,0.001721378,-0.0057535013,-0.0950878,-0.043435786,-0.07485066,0.050558344,0.13637848,0.3746705,-0.09304763,0.34887844,-0.08347304,-0.15987572,0.5427342,-0.01466227,-0.06853484,0.031604484,0.14831828,-0.103142686,-0.14319035,-0.062472504,0.15190247,0.066663936,0.04669714,0.03882045
DSC07848.jpg,-0.12568371,0.063367285,0.014018145,0.013720157,0.07029421,0.00440496,-0.10997607,0.0003008498,-0.0032722615,0.005831793,-0.032912422,0.03231588,0.10755714,0.07041393,0.106596924,0.0064745033,0.003278345,-0.026543923,-0.04404977,-0.0134342965,0.06685484,-0.054894477,0.021246487,0.036461256,0.005887094,-0.009659743,-0.07456657,0.005341921,-0.068166204,0.06597754
DSC07876.jpg,-0.09399173,-0.09475368,-0.021073509,0.042232785,-0.013450898,0.05075229,-0.088593505,-0.041017644,0.06417283,-0.006669659,0.07807986,-0.034582265,0.16648714,0.05145662,-0.0746513,-0.031870402,-0.052016526,-0.05144916,-0.013693065,0.009645168,-0.07215423,0.11858812,-0.033241685,0.015407816,0.15145275,0.09351258,-0.006761837,0.12774912,-0.07640384,-0.07695538
DSC07890.jpg,-0.14534858,-0.0839013,-0.06602326,-0.052264955,-0.045997392,0.040359512,-0.021488858,-0.048137598,0.04479509,-0.008071793,0.019469524,0.0030191178,0.1031181,0.04907768,-0.06529129,-0.026794711,0.0408833,-0.043609645,0.013338155,-0.038406722,-0.10123127,0.07332603,-0.12279005,0.023045518,0.055584885,-0.022801435,0.025400937,-0.001293807,-0.0663461,-0.0265251
DSC07899.jpg,0.18315496,-0.13524157,0.047390647,0.25838193,-0.06751631,-0.10708004,-0.113666885,-0.12211138,0.16230589,0.022151556,0.120696336,-0.29357255,0.20077482,0.034217484,-0.08613845,-0.051939994,0.06412264,-0.122517854,-0.03788039,-0.107504666,-0.073842786,0.20104046,-0.22862071,-0.021957567,-0.038342845,0.048715383,-0.03897281,-0.20094773,0.12530567,-0.12318812
DSC08485.jpg,-0.111893736,0.046902567,-0.006106779,0.1132459,0.07139757,0.040117662,-0.059082933,-0.026047975,-0.029569604,0.07527619,-0.04793343,0.07975851,0.03410305,0.027416758,0.030329466,0.0016935007,0.0004937787,-0.0044455035,-0.042353395,-0.040274404,0.124769926,-0.058298837,0.085642144,0.07174986,0.058503594,0.0589655,-0.046490382,0.07893241,-0.015349172,0.0059603346
DSC08486.jpg,-0.13998538,0.03200441,0.012265929,0.09174851,0.04983441,0.013249259,-0.0859937,-0.013842393,-0.019721717,0.051668465,-0.030985055,0.06144471,0.060935147,0.030336555,0.04075765,-0.0073244344,-0.019128192,0.011081637,-0.032614965,0.0032895233,0.10024368,-0.049147766,0.042452026,0.042111788,0.020659953,0.00770038,-0.043897264,0.06562017,-0.013733001,-0.016485384
DSC08589-3-1.jpg,-0.040413592,0.055435628,0.012950851,0.057411768,0.048882782,-0.09823307,0.06725119,0.12639812,-0.16727413,-0.05928587,-0.038728934,-0.1433648,-0.19581142,-0.15105627,-0.021467533,-0.102611646,0.031334322,-0.06963537,0.07381526,-0.015877178,-0.050341457,-0.117576815,0.09702099,0.07097351,-0.023807395,0.033459563,-0.05736167,-0.2863183,-0.07677531,-0.07153315
DSC08593.jpg,-0.12936307,0.07524288,0.025325289,0.015046086,0.027501214,0.029887186,0.003145927,-0.059145972,-0.027797917,0.08722961,-0.022530362,0.0390347,0.06856696,0.009509194,-0.031134406,-0.0019112416,0.0063574775,0.018441817,0.02100925,0.037185423,0.0888041,-0.12903675,0.06933702,-0.0722686,0.080559984,-0.04656122,-0.0784662,0.006947574,0.17732126,0.015939457
DSC08596.jpg,-0.14673962,0.09503859,0.031155987,0.040687546,0.027394425,0.008188061,-0.0047772713,-0.043501854,-0.06821927,0.0720185,-0.036027856,0.05976832,0.047926348,-0.0020328148,-0.023689238,-0.008728037,-0.0060058874,-0.0119774975,0.0020634849,0.045802135,0.084362224,-0.15495872,0.072592966,-0.104295395,0.071675606,-0.07271784,-0.113704935,0.023753406,0.19608794,0.014261632
DSC08599.jpg,-0.08484585,0.028647408,-0.010420731,0.090242535,0.0025875075,-0.019307347,-0.02923546,-0.059176452,-0.10560858,0.050598767,-0.012960013,0.06176582,0.06462412,0.0031525928,0.007677773,-0.051099427,-0.0433636,-0.018427532,0.025610035,0.056265052,0.09088123,-0.1460458,0.11825314,0.030138945,0.020513924,-0.026531376,-0.103922024,0.043081637,0.10872585,0.033815138
DSC08600.jpg,-0.0896537,0.093386225,0.008691815,0.0725479,0.017907023,0.058106534,0.0028758124,-0.101456754,-0.08258942,0.086674176,-0.016092094,0.07158738,0.09205653,0.004101265,-0.028303484,-0.025489075,-0.0041178595,-0.047066793,0.013442817,0.065795645,0.09520912,-0.101077706,0.07789195,-0.004659483,0.05261843,-0.04655686,-0.085845314,0.031669267,0.14072348,0.03590499
DSC08609.jpg,-0.10530656,0.072610885,0.056543097,-0.00941407,-0.0014108941,0.012106055,-0.07725813,-0.0416562,-0.017109714,0.019134955,-0.043599546,0.07042265,0.037929986,0.0067139133,-0.02483404,-0.018298417,0.019413866,-0.033349514,-0.0073733223,0.04069525,-0.02268062,-0.098682426,0.030466069,-0.122431174,0.047940444,-0.052918512,-0.042795997,0.0022682026,0.14926673,0.03456476
DSC08611.jpg,-0.09110916,0.008948318,0.050701227,0.007440128,-0.017940456,-0.04084656,-0.1441431,-0.033455558,0.08305272,-0.006977104,0.04727115,-0.042885985,0.08283344,0.022027936,-0.008875903,-0.022851242,-0.07309695,0.013506698,0.0007900982,0.012204929,0.031253755,-0.05260708,-0.03414474,-0.045963436,0.016659386,-0.006926314,0.0119231,0.012818362,0.025370074,0.05020056
DSC08621.jpg,-0.1673172,0.03257025,-0.0019490198,-0.03028942,-0.003276607,0.019188203,-0.02361992,3.0015595e-05,0.0018881573,-0.002900483,-0.0660406,0.05114541,0.040418092,0.03329978,-0.028460668,0.0010600041,0.0009291959,-0.00988896,-0.010835723,0.051201608,-0.08297635,-0.053331263,0.022646522,-0.041373167,0.037732903,-0.03165574,-0.074999064,-0.010109461,0.06625955,-0.011767846
DSC08632.jpg,-0.13929498,0.05498195,0.020693842,-0.054668542,-0.0064377123,0.014372262,-0.002009338,0.002741544,-0.0020160496,-0.030262051,-0.07789839,0.048135087,0.012255199,0.022573715,-0.033015747,0.016752064,0.0046875942,0.008599266,0.0060562887,0.06303945,-0.092581466,-0.048780076,0.01310993,-0.06835816,0.021116484,-0.036503397,-0.0964046,-0.02039821,0.08769785,-0.017086025
DSC08634.jpg,-0.13672437,0.089564644,0.049238656,-0.042751968,0.010168706,0.014999074,-0.020961775,0.0071191564,-0.0065716244,-0.04739725,-0.08171029,0.023205752,-0.004246426,0.0066743484,-0.051496085,-0.0070043085,0.0032836138,-0.011911448,-0.009799189,0.07218024,-0.09125499,-0.07135927,0.020507958,-0.058221128,0.04725204,-0.056523785,-0.10513483,-0.023377065,0.08117029,-0.020738754
DSC08658.jpg,-0.18312435,0.027811334,0.022183595,-0.010406515,0.028743425,0.022436325,-0.011138517,0.01328486,0.012941606,-0.02078871,-0.040901624,0.032979984,0.06214719,0.0056528943,-0.0030769897,0.0044225357,0.005036639,-0.031508498,-0.040983614,0.031770125,-0.005298835,-0.07672564,0.014989722,-0.0524196,-0.00983852,-0.020343943,-0.057494756,-0.003008086,0.08792587,0.018579567
DSC08666.jpg,-0.1328321,0.118651085,0.092646964,-0.07467093,0.06152294,0.014538937,-0.014143966,0.06324166,-0.0004106937,-0.11301613,-0.09541965,0.02531435,0.016873172,0.019329915,-0.05603887,0.052669812,-0.003841832,-0.0215703,-0.041854598,0.08681377,-0.06252339,-0.06699624,0.024828715,-0.07524823,0.020516416,-0.015948115,-0.08727318,-0.0188261,0.10560429,0.0031531316
DSC08673-2-1.jpg,-0.20941016,-0.062443264,-0.02909084,-0.05286839,0.005957553,0.064311735,0.05584158,0.04424872,0.021150742,0.06766146,-0.009232611,0.009215818,0.026108185,0.025114518,-0.063713275,0.01894513,0.060670264,-0.035658,0.06391833,-0.0973165,-0.038009528,-0.03516365,-0.05283649,0.054126613,0.029473104,0.03551138,0.017112145,0.09784564,0.034528773,0.00021593017
DSC08735.jpg,-0.12866552,0.016713196,-0.03444723,-0.054479424,-0.03878673,0.0016992269,-0.034319945,-0.021202387,0.041230597,0.0053544817,-0.04505526,-0.012350997,0.058888096,0.019052342,-0.024224037,-0.021439925,0.037227776,0.01357346,-0.0014781728,0.0074917446,-0.027748436,-0.06384867,-0.03620859,-0.04438011,-0.037876625,-0.049892206,-0.045234364,-0.053351957,0.027402498,-0.028383357
DSC09902-1.jpg,0.6912785,-0.31423342,-0.40804353,0.8443765,0.33085248,1.2750965,0.03690466,-0.010183604,0.45733556,-0.22926116,-0.18806657,-0.21986055,-0.24792835,0.08136383,0.084427156,0.10572188,-0.048395313,0.08198791,0.09712127,-0.048474573,-0.14636458,-0.20068301,-0.059488013,-0.080871515,0.07027974,-0.039051708,-0.04613071,-0.08174523,0.051531155,0.0049106134
DSC09906-1.jpg,0.46907607,-0.19801651,-0.02673397,0.5746569,0.1452512,-0.43934327,0.5180072,0.3975876,-0.675837,-0.14366123,0.15626457,-0.041923303,0.29241258,0.63540584,0.0016766442,0.02505815,-0.042706747,0.30426943,-0.4857592,-0.05226136,-0.058486544,-0.35097578,-0.29130232,-0.16546328,-0.058824036,-0.052869953,-0.0014580134,0.030915543,0.03872843,-0.09022235
DSC09915-1.jpg,-0.007460915,-0.057181288,-0.027996428,0.22058785,0.08176239,0.115241736,0.044256352,0.041452494,0.03361825,0.030289523,0.112056084,0.01993418,-0.0073260926,0.021549506,-0.028094186,0.009892513,0.06763123,-0.043128036,0.019880636,-0.12718274,-0.0039311843,0.06892897,0.064622104,-0.037807748,0.015466048,0.0961949,0.07567102,0.16280289,-0.09158487,-0.045661274
Digital_Monster.jpg,-0.16737281,-0.06339028,-0.04303274,-0.00036004384,-0.016100926,0.046242457,-0.00999847,-0.04037927,0.0513147,0.050289117,0.028586453,-0.018994011,0.09920817,0.018854469,-0.03279035,0.014895609,0.0073089725,0.027125323,0.0043936083,-0.03686415,-0.0071217176,0.014656055,-0.03810569,0.06281747,0.02608109,0.025092114,-0.011449721,0.059789162,-0.0696433,0.016237227
Dunyeng.jpg,-0.11984229,-0.022903452,-0.05822122,-0.0003800185,0.05446659,0.01013517,0.038079318,-0.000816741,-0.048190597,0.107657224,-0.04105043,-0.020225637,-0.03754567,0.005600434,0.13973433,0.0073527023,-0.021768047,0.0019080546,0.034741808,0.035253666,0.0390469,0.0022536982,0.025711633,0.012450888,0.07782319,-0.0625868,-0.017858006,-0.034508653,0.0052508223,-0.051160187
Ellie.jpg,-0.09349558,0.0032590227,-0.04371906,0.020942917,0.035854075,-0.07595585,0.017750068,0.112692274,-0.08168286,0.09185334,-0.077013865,0.023725374,-0.13864614,0.023734685,0.020275122,-0.04440164,-0.08564389,0.035476405,0.082964666,0.12488979,-0.06227874,0.021637745,0.12989827,-0.006714239,0.091794536,0.0076263035,-0.037217896,-0.09336916,0.068018496,-0.075144045
Fiona.jpg,-0.030638676,-0.04544329,-0.043392275,0.015099001,0.039826874,-0.07886471,0.094238035,0.02686923,-0.12466444,0.035252515,0.034115583,-0.035585742,-0.21672858,-0.034018014,-0.0012704493,-0.044468664,-0.0254708,0.08564101,0.10850096,0.13882622,-0.083163865,0.053742416,0.106919535,-0.023304105,0.103196576,-0.0028823416,-0.10047866,-0.07142961,-0.019184843,0.02057523
Fire.jpg,-0.11857613,0.06563483,0.024309387,-0.08883025,-0.0021229591,0.10192697,0.23768905,0.09609079,0.060604274,0.07009425,0.075432636,-0.057554603,-0.121218055,-0.032090504,-0.104123324,0.11688098,0.23032136,0.12690464,-0.031064264,-0.10781088,-0.032893725,0.03030449,0.10682032,0.24514237,-0.16729988,-0.039484445,0.10377427,0.22461522,0.05435403,-0.08743339
Fire1.jpg,-0.15128946,-0.003957074,-0.013418516,-0.01996699,0.020381775,0.0652616,0.15899105,0.03969547,-0.021215098,0.058758624,0.043871574,-0.019250944,-0.06123137,-0.013343613,0.016671194,0.021454683,0.07381632,0.10954619,0.013378549,-0.037350662,-0.020959528,0.042112138,0.06751222,0.13103512,-0.08057913,-0.0012820298,0.051016003,0.07283608,0.024109107,-0.02745104
Hao.jpg,-0.04733395,-0.0714068,-0.050781976,0.05301342,0.045355584,-0.10622611,0.08362037,0.03883923,-0.12082572,0.071237706,-0.0034158926,0.028267069,-0.18004826,0.021756511,0.07171452,-0.0044075735,-0.07298891,0.09766002,0.09560481,0.072879046,-0.04936512,0.11439309,0.09112746,-0.046368137,0.093588226,-0.052407805,-0.104227275,-0.033234946,-0.013274345,-0.040209994
IMG_1568.jpg,-0.121639386,-0.05638249,-0.038044255,0.04668118,-0.05230539,0.001642243,-0.107156545,-0.07875393,0.05769572,0.0103252875,0.07737614,-0.005804835,0.1283759,0.045554884,-0.034089703,-0.025569065,-0.09237797,0.037070796,0.01097034,0.017855434,-0.064008944,0.03865272,-0.014866365,-0.031079318,0.033642694,0.089969456,0.018783249,0.091126665,0.009925215,0.003560143
IMG_1682.jpg,-0.12138597,-0.07566432,-0.043895453,-0.049758255,0.004373472,0.0661787,-0.03954219,-0.03184863,0.007768372,0.051465675,0.0075979587,0.008741636,0.08358831,0.044771343,-0.06846118,-0.028388262,-0.04470954,-0.00048374274,0.028584845,-0.037185155,0.0022656142,0.020338194,-0.044701453,0.009898778,0.061256733,0.036577914,0.018535262,0.04258731,0.037437484,2.7837232e-06
IMG_1864.jpg,0.10617922,0.19446187,0.07393877,0.10713597,-0.06024058,-0.14155674,-0.16998674,-0.14846227,-0.104032464,-0.08480886,-0.014742322,-0.0002466049,-0.07898492,-0.06668726,0.2371026,-0.036918804,0.04176451,-0.20102966,-0.0751259,0.17375042,-0.10703906,-0.13247333,0.04149255,-0.13184403,-0.17003563,-0.17547445,-0.0018778627,0.17514648,-0.029155845,0.05973412
IMG_2049.jpg,-0.038395368,-0.081325166,-0.008512006,0.0558916,0.022720113,-0.0766602,-0.10831084,-0.07585414,0.059959486,0.026741628,0.022213293,-0.0876476,0.11109494,-0.04235636,0.037566096,-0.06935104,0.01104279,0.02721129,0.022958286,0.07017779,-0.08265463,-0.028946122,-0.06951804,-0.045128524,-0.022227423,-0.051052768,0.04709321,0.033089712,0.047450908,-0.01416787
IMG_2067.jpg,0.17361248,-0.006875916,0.045854587,0.038996734,0.132162,-0.056653745,-0.42840677,-0.29080516,-0.045458607,0.06788867,0.23525794,-0.15033981,-0.16620395,-0.10000807,0.22062562,0.29020825,-0.41301608,0.18548043,-0.1050509,0.34507984,0.0144180395,-0.1796268,0.04906319,-0.050563768,-0.07753083,-0.28854516,0.49988297,0.15727901,-0.1914544,-0.33500814
IMG_2282.jpg,0.19628459,-0.15688263,0.014178015,-0.38115954,0.039943077,0.09233298,-0.34429452,0.6538159,0.37037358,0.051132012,1.1015264,0.47711486,-0.42520303,0.24899724,-0.09326328,0.03268082,0.09424921,-0.10461672,0.018360516,0.075363845,0.10245062,-0.23912968,-0.07938807,0.11796938,0.037987776,-0.040436734,-0.13979939,-0.10441903,0.018947273,0.008979809
IMG_2289.jpg,-0.028704809,0.04455457,0.13713625,0.18878491,-0.031504,-0.059404057,-0.11914298,-0.003920438,0.05360487,0.016352456,0.08193007,-0.11073397,0.07667292,-0.028166935,-0.038413957,0.060764354,0.053437065,0.07173342,0.019894797,0.08332384,-0.028387245,0.062075324,0.001177283,-0.09151266,0.03675363,-0.064617686,0.078095764,-0.045042314,0.08307723,-0.10328165
IMG_2299.jpg,-0.08733937,0.009290521,0.012396546,-0.033292,-0.027565977,-0.014903025,-0.08455082,-0.0636837,0.100576825,-0.00059113,-0.013306097,0.012197683,0.013782084,0.027139429,0.08138991,0.012788003,-0.0020400914,0.09270872,-0.033919178,0.028594693,-0.051370203,0.0062679728,-0.021351194,-0.084904775,-0.024910722,-0.018065423,0.039132934,-0.012248674,0.0578167,0.030067908
IMG_2300.jpg,0.026277674,-0.0698011,0.004153584,0.03295274,-0.06995839,-0.048758414,-0.24157318,-0.097077884,0.09187549,0.008975788,0.08369991,-0.092687145,0.2009188,0.06748879,-0.053155255,-0.010574993,-0.016565993,0.07843759,-0.032781754,-0.00911209,-0.08209286,0.11833468,-0.07008634,-0.07861081,-0.052567925,0.1065575,-0.026101489,0.0025942572,0.06151557,-0.008910599
IMG_2302.jpg,-0.04054638,-0.06182283,0.025422387,0.050478224,-0.083402224,-0.017587448,-0.18198232,-0.08980085,0.058844868,-0.00038792798,0.0987141,-0.05137891,0.100727305,0.038709406,-0.084444314,0.022152208,-0.10569505,0.07011913,-0.012912972,0.042998105,-0.018366598,0.12072619,-0.10259688,-0.034071848,0.003833659,0.08329143,-0.048173655,0.018932989,-0.013495556,0.053568307
IMG_2308.jpg,0.07124149,-0.11166412,0.0066872286,0.107733116,0.04957671,-0.063034445,-0.06670638,0.17366193,0.07982117,-0.0066803084,-0.105222225,-0.10492429,0.27754495,0.012470911,0.19952758,0.0020124898,-0.06362441,-0.035394285,0.12015833,0.27431077,0.025719661,0.031302948,-0.1697661,0.6501832,0.16540658,0.048604622,0.06419226,0.043642133,0.123719044,0.12009111
IMG_2312.jpg,-0.049011014,0.011621646,-0.010887243,0.06600985,-0.039106555,-0.05404731,-0.19075058,-0.0943423,-0.005014148,0.033284307,0.06393841,-0.05549982,-0.0028120442,-0.010747912,0.05705636,-0.0068967766,-0.062331423,0.06332529,0.044039,0.05197114,0.05344672,-0.06986849,0.0013525977,-0.06006504,-0.015585148,-0.042984713,0.029980188,0.04213458,-0.021378286,-0.030309457
IMG_2331.jpg,-0.12301273,-0.038738824,-0.022539062,-0.046026178,0.07854365,0.08570799,-0.009235095,-0.104473114,0.0073962174,0.038035717,-0.045567207,0.099527426,0.17853329,0.09001388,-0.051885277,0.02846967,-0.006963945,-0.06055366,0.033513885,0.00043301517,-0.012190545,0.023204014,-0.006917525,-0.04519366,0.0757946,0.03242887,0.006035746,0.012422573,-0.00078847306,0.03208225
IMG_2341.jpg,0.0096095055,0.019921284,0.0648092,0.040522493,0.21436301,-0.08345425,-0.060105015,0.102680326,0.106946126,-0.13550493,-0.14932364,0.17835176,-0.11124402,0.03804783,0.030471992,0.000979715,-0.06251605,-0.11895596,0.064059645,-0.14928779,0.0416158,-0.022031402,-0.006030852,-0.08381856,0.012770904,0.11124762,0.14764996,0.024660379,-0.08088549,-0.09368486
IMG_2349.jpg,0.051767997,0.073138714,0.10313156,-0.09265739,0.30823404,0.034633894,-0.21397094,0.090244845,-0.04907664,-0.10270317,-0.2027505,0.07467155,-0.012899925,0.120415375,0.09274201,0.08461329,-0.3758042,-0.1667812,0.10717353,0.09805772,0.2842783,0.027874656,-0.2733241,0.0597593,-0.03822339,0.023529226,-0.106856555,0.13836055,0.028505323,0.008130552
IMG_3975.jpg,-0.117498636,0.07257128,0.09881461,-0.06522077,0.02282953,0.023250658,-0.031275112,0.0028667322,0.020714255,-0.07406242,-0.060097814,0.06095457,0.016716393,0.042609394,-0.033324234,0.025486087,0.0037993127,-0.009238492,-0.057898745,0.09466895,-0.14337005,0.017768668,-0.006955554,-0.07041081,-0.004181189,-0.043724842,-0.08950937,-0.0431984,0.07309461,0.024999231
IMG_4096.jpg,-0.11438783,-0.015682923,0.07999184,0.01911813,0.0006360507,-0.0054368284,0.005682564,0.008064955,0.105760716,0.011120716,-0.031098135,0.07721748,0.07886936,0.009660918,-0.052051798,0.014281386,-0.019520545,0.00034101517,-0.054652885,0.013460579,-0.13869908,-0.023524463,0.03133731,0.003668103,0.10693042,-0.050463848,0.003448431,-0.07210788,-0.055958413,0.10260895
IMG_4098.jpg,-0.1508257,0.017023278,0.048277028,-0.018048963,0.030357627,0.01829866,-0.019056495,0.06127661,0.08483374,-0.07879851,-0.11072631,0.18011753,0.029449964,9.6982694e-05,-0.063829415,-0.0040350524,0.036642354,-0.09526977,-0.0917677,0.01984486,-0.14551151,-0.013693475,0.008258523,-0.07901161,-0.0025053862,-0.040322185,0.025691774,-0.0052626943,0.07660735,-0.04357387
IMG_4099.jpg,-0.055330243,-0.052488804,0.11907911,0.12952293,-0.079965524,-0.060241845,-0.13721599,-0.040808033,0.10404376,0.016195469,0.1204617,-0.042079132,0.045115873,0.025227312,-0.008277294,0.0680612,0.02634312,0.081261754,-0.079815015,0.037194166,-0.11430841,0.1867612,0.015286094,-0.09569131,0.005574395,-0.021505129,0.02832996,-0.00743139,0.065670826,-0.009439956
IMG_4256.jpg,-0.09628957,0.033838615,0.13385499,-0.026630277,0.02349865,-0.012587202,-0.1417647,0.043324444,0.10124613,-0.13115919,0.031873032,-0.025307728,0.10704672,0.057317406,-0.0054721446,0.0007671716,-0.014979471,0.0005688695,-0.08706908,0.0851278,-0.12304729,0.052914105,-0.025019374,-0.06781119,-0.009470267,-0.007751844,-0.032088026,-0.041585933,-0.021932196,-0.017226309
IMG_4257.jpg,-0.11368873,0.06278561,0.08168444,-0.07363392,0.044712476,0.015975103,-0.082343966,0.06433752,0.06802244,-0.17687687,-0.005408579,0.013030579,0.06847843,0.05904698,-0.02800115,0.024092311,-0.019916074,-0.03569791,-0.08993882,0.09043086,-0.1715104,0.05431638,-0.023287354,-0.054350935,-0.0016306831,-0.028582878,0.0072365007,-0.018465972,0.006860312,0.026222957
IMG_4356.jpg,-0.012108808,0.15977982,0.050147228,0.012401192,0.016344773,0.0650597,0.10392727,0.024420261,-0.02136637,-0.03810124,0.020085549,0.030433258,-0.073484726,-0.0730947,0.0069198078,-0.11895531,-0.04845531,0.092745006,-0.10596427,-0.014231259,-0.064795405,0.0023572934,0.103133716,0.1273754,-0.115440205,-0.01572455,0.14078821,-0.066553056,-0.0052140765,0.06881688
IMG_4358.jpg,-0.17183112,-0.0023300548,-0.020390475,0.014507277,0.031139879,0.014992371,-0.02687481,-0.024577148,-0.0044381125,0.05701328,-0.010933173,-0.006565463,0.05420052,0.008369479,0.04445119,-0.015886365,-0.0012268415,0.0378043,-0.010720196,-0.0073924423,0.066700764,-0.059730917,0.00013814514,0.01182895,-0.034690548,-0.028454117,-0.038233288,0.0087045245,-0.007250459,-0.0015176991
IMG_4375.jpg,-0.18518637,-0.048927836,-0.022657145,-0.0021000616,-0.0006692583,0.031190349,-0.024148682,-0.023593359,0.010287763,0.06049057,-0.008380374,-0.020814264,0.06182684,-0.014037589,-0.008943902,-0.010581115,0.0055804583,-0.015627926,-0.0123127885,-0.034357816,0.013279147,-0.038458377,-0.043543294,-0.012631293,0.038395733,-0.027651945,0.02236895,0.022665573,-0.0011427912,-0.007887948
JJ.jpg,-0.065550484,-0.043273088,-0.017751426,0.09185226,0.042549163,-0.08322568,0.05598621,0.008450627,-0.032940425,0.037054393,0.0032105667,0.09007955,-0.14273381,-0.0071012685,0.03249,-0.04382614,-0.079762116,0.07985766,0.009691965,-0.024940288,-0.0095540155,0.07812001,0.13616247,-0.008125807,0.02539377,0.032500204,-0.035962433,-0.030559676,-0.017752346,-0.016211567
Jue.jpg,-0.12321347,-0.018818816,-0.03408424,0.022136899,0.025010012,0.08798184,0.02159564,-0.018258907,-0.06206496,0.024621898,-0.04689393,0.082279205,-0.04304209,-0.008215601,0.027433218,-0.009535103,-0.104332626,0.036921017,0.03671635,0.09406521,-0.023325784,0.053504236,0.0024839682,0.048312906,0.03937733,0.008508507,-0.021547109,0.03426249,0.027740337,-0.03159371
LIMBO.jpg,-0.08610317,-0.078409016,-0.06659735,-0.1293845,0.07307385,0.0150399245,0.14017998,0.028059779,-0.029396443,0.01932112,-0.01847904,-0.14032948,-0.046486076,-0.05839222,0.08101834,0.056927472,0.0040121134,0.009223269,-0.023367384,0.10714853,-0.056338463,0.118373975,-0.08798289,0.008628345,-0.06031916,0.0292652,-0.06358246,-0.0793516,0.0011062098,-0.012282745
Nights_Watch.jpg,0.04256641,0.48849618,0.32956627,0.058249112,-0.03266982,0.120407686,0.09255374,0.10922912,0.067034915,-0.18683048,0.031346723,0.11841093,0.046965357,-0.0741331,-0.25168392,0.18831879,0.035418138,-0.06304104,-0.34476972,0.103382595,-0.23254451,0.06401343,0.2000488,0.060796756,0.04695725,-0.15312521,0.35524282,-0.0724508,0.37148625,0.28136724
Rocky.jpg,-0.005459448,-0.07203873,-0.06533967,0.011683643,0.05002893,-0.08120769,0.012066584,-0.028819093,-0.0644349,0.01978023,0.031773157,-0.004164618,-0.100332975,-0.010261691,0.029450316,-0.019295182,-0.13667841,0.046909392,0.033958174,0.10094707,-0.15337935,0.10555491,0.11641104,-0.017705994,0.08228072,0.032098662,-0.07912149,-0.012334324,0.031842835,-0.06291688
Shirley.jpg,0.03762126,-0.0762658,-0.03810026,0.03456101,0.058865678,-0.086474,0.23896894,0.0023395703,-0.12990469,-0.009234037,0.09235555,0.015998185,-0.30508518,0.08990842,0.08851453,0.0077362126,-0.04395356,0.31566897,0.117765285,-0.0034818742,-0.24421528,0.31183124,0.10826695,-0.16594994,0.0051472723,0.114481166,-0.050070558,0.1405744,-0.12744388,0.094667524
Snow_Monster.jpg,-0.0920088,-0.006437866,-0.06794807,0.035815075,-0.05164136,-0.010841482,0.049969587,-0.040107086,-0.019956848,0.07176033,-0.005169292,-0.008447303,-0.038524058,0.015078262,-0.028766463,0.015778149,-0.05709871,0.073100485,0.04049199,0.03261103,0.0189254,0.02827286,0.041005034,0.04014404,0.003873718,0.007984096,-0.0119448155,-0.057955973,0.02377842,0.0006088129
Xinyu.jpg,-0.032769598,-0.05198796,-0.052925393,-0.013528015,0.05927396,-0.116291866,0.04815013,0.08168128,-0.07483982,0.09615962,-0.07437623,0.009759262,-0.17387544,0.00311396,-0.0030828451,0.033360954,-0.10183652,0.07872164,0.1403952,0.14718959,-0.040301714,0.057158977,0.10919237,-0.049830038,0.10963518,0.017366031,-0.08833664,-0.077632844,0.03188361,-0.06630621
Yijun.jpg,0.013630919,-0.037261587,0.01884784,-0.005032709,0.09195402,-0.043723214,0.082884476,-0.020182528,-0.16029547,-0.043056607,0.07389822,0.03963677,-0.17459011,-0.004068479,-0.007948259,-0.14342405,-0.13706782,0.12306566,0.077133775,-0.016559528,-0.064110115,0.075239316,0.23244132,-0.032312628,0.14939776,0.07494943,-0.09792248,0.006514495,-0.039154317,0.14364676
Zach.jpg,-0.08182732,-0.021163192,-0.0064216275,0.04130983,0.0610243,-0.022763526,0.077112816,0.010139433,-0.036808066,0.044463255,-0.020511512,0.10421277,-0.15451418,-0.0038759047,0.032781042,-0.0048559224,-0.11930468,0.12514143,0.025953082,0.01822618,-0.009213792,0.119622156,0.09987738,-0.056332394,0.04800437,0.081817344,0.028288102,0.015404576,0.02045555,0.005861497
dark_forest.jpg,-0.03057136,-0.074596554,0.0949632,-0.22544004,0.3249613,-0.16490647,0.13936733,0.114699006,0.01767721,0.025245981,-0.1757114,-0.2627585,-0.30780762,-0.21900414,-0.24607562,0.6725051,-0.21583124,-0.1773338,-0.17688307,-0.05435697,0.10442597,-0.2243473,-0.14496481,-0.12130793,-0.032560326,0.4551219,-0.0034259139,0.05328189,-0.27232194,0.23015225
mountain_sea.jpg,-0.07816832,-0.020146422,-0.005914523,-0.07256228,0.10165232,-0.028697811,0.005561876,0.06333013,-0.023426574,0.057057444,-0.02953325,-0.02118898,-0.022245185,0.019320337,-0.08126558,0.08838335,0.059520908,-0.00558892,0.012965259,-0.06900905,0.06483725,-0.10024849,0.045316093,-0.1582048,0.09164459,0.030374391,0.0005131485,0.0086452225,0.037831206,-0.06964661
test.jpg,0.12495492,0.023763001,-0.014998973,0.37546983,-0.0023017654,-0.09839071,-0.106588624,0.16366157,-0.16214338,-0.07081789,0.009595175,0.06084734,0.08375706,0.043957468,0.0815107,-0.0030829369,-0.076411486,-0.006983212,-0.06438692,-0.04850537,0.09913942,0.12635693,0.06670719,0.1715898,-0.0564573,0.19787398,-0.067253806,0.086641744,-0.024290998,0.10946339
